url,slug,category,published,action_prev,clicks_90,impressions_90,final_decision,note
"https://www.pinedayasociadoshn.com/blog/tributario/devolucion-impuestos-como-solicitarla-honduras","devolucion-impuestos-como-solicitarla-honduras","tributario","true","DATA_REQUIRED","0","0","INSUFFICIENT_TRAFFIC_HISTORY","Sin demanda GSC en 180d; NOINDEX_CANDIDATE solo con autorización"
"https://www.pinedayasociadoshn.com/blog/derecho-bancario/tarjetas-credito-intereses-cargos-defensa-honduras","tarjetas-credito-intereses-cargos-defensa-honduras","derecho-bancario","true","DATA_REQUIRED","0","0","INSUFFICIENT_TRAFFIC_HISTORY","Sin demanda GSC en 180d; NOINDEX_CANDIDATE solo con autorización"
"https://www.pinedayasociadoshn.com/blog/regulacion-sanitaria/registro-medicamentos-productos-farmaceuticos-honduras","registro-medicamentos-productos-farmaceuticos-honduras","regulacion-sanitaria","true","UPDATE","1","246","UPDATE_COMPLETED","Actualización propuesta (title/meta/H1) en patch manifest"
"https://www.pinedayasociadoshn.com/blog/derecho-laboral/contratos-empleadas-domesticas-obligaciones-honduras","contratos-empleadas-domesticas-obligaciones-honduras","derecho-laboral","true","DATA_REQUIRED","0","0","INSUFFICIENT_TRAFFIC_HISTORY","Sin demanda GSC en 180d; NOINDEX_CANDIDATE solo con autorización"
"https://www.pinedayasociadoshn.com/blog/regulacion-sanitaria/registro-sanitario-alimentos-arsa-paso-a-paso-honduras","registro-sanitario-alimentos-arsa-paso-a-paso-honduras","regulacion-sanitaria","true","UPDATE","3","124","UPDATE_COMPLETED","Actualización propuesta (title/meta/H1) en patch manifest"
"https://www.pinedayasociadoshn.com/blog/hondurenos-en-espana/arraigo-social-laboral-hondurenos-espana","arraigo-social-laboral-hondurenos-espana","hondurenos-en-espana","true","DATA_REQUIRED","0","0","INSUFFICIENT_TRAFFIC_HISTORY","Sin demanda GSC en 180d; NOINDEX_CANDIDATE solo con autorización"
"https://www.pinedayasociadoshn.com/blog/practica-legal/pineda-asociados-bufete-multidisciplinario-honduras","pineda-asociados-bufete-multidisciplinario-honduras","practica-legal","true","DATA_REQUIRED","0","0","INSUFFICIENT_TRAFFIC_HISTORY","Sin demanda GSC en 180d; NOINDEX_CANDIDATE solo con autorización"
"https://www.pinedayasociadoshn.com/blog/derecho-aduanero/zonas-libres-zoli-beneficios-fiscales-honduras","zonas-libres-zoli-beneficios-fiscales-honduras","derecho-aduanero","true","DATA_REQUIRED","0","0","INSUFFICIENT_TRAFFIC_HISTORY","Sin demanda GSC en 180d; NOINDEX_CANDIDATE solo con autorización"
"https://www.pinedayasociadoshn.com/blog/regulacion-sanitaria/habilitacion-clinicas-hospitales","habilitacion-clinicas-hospitales","regulacion-sanitaria","true","DATA_REQUIRED","0","0","INSUFFICIENT_TRAFFIC_HISTORY","Sin demanda GSC en 180d; NOINDEX_CANDIDATE solo con autorización"
"https://www.pinedayasociadoshn.com/blog/noticias-legales/reformas-legales-recientes-honduras","reformas-legales-recientes-honduras","noticias-legales","true","KEEP","0","16","KEEP_INDEXABLE","Indexable; demanda moderada"
"https://www.pinedayasociadoshn.com/blog/derecho-mercantil/contratos-mercantiles-proteger-negocio","contratos-mercantiles-proteger-negocio","derecho-mercantil","false","NOINDEX","0","0","INSUFFICIENT_TRAFFIC_HISTORY","No publicado y sin demanda GSC; no requiere noindex (no indexable)"
"https://www.pinedayasociadoshn.com/blog/derecho-civil/contratos-civiles-honduras-errores-comunes","contratos-civiles-honduras-errores-comunes","derecho-civil","false","NOINDEX","0","0","INSUFFICIENT_TRAFFIC_HISTORY","No publicado y sin demanda GSC; no requiere noindex (no indexable)"
"https://www.pinedayasociadoshn.com/blog/derecho-mercantil/titulos-valores-cheques-sin-fondo-honduras","titulos-valores-cheques-sin-fondo-honduras","derecho-mercantil","true","DATA_REQUIRED","0","0","INSUFFICIENT_TRAFFIC_HISTORY","Sin demanda GSC en 180d; NOINDEX_CANDIDATE solo con autorización"
"https://www.pinedayasociadoshn.com/blog/extranjeria-migracion/naturalizacion-nacionalidad-hondurena","naturalizacion-nacionalidad-hondurena","extranjeria-migracion","true","UPDATE","8","853","UPDATE_COMPLETED","Actualización propuesta (title/meta/H1) en patch manifest"
"https://www.pinedayasociadoshn.com/blog/derecho-ambiental/licencia-ambiental-categorias-plazos-honduras","licencia-ambiental-categorias-plazos-honduras","derecho-ambiental","true","UPDATE","6","367","UPDATE_COMPLETED","Actualización propuesta (title/meta/H1) en patch manifest"
"https://www.pinedayasociadoshn.com/blog/derecho-bancario/creditos-reestructuracion-deudas","creditos-reestructuracion-deudas","derecho-bancario","true","DATA_REQUIRED","0","0","INSUFFICIENT_TRAFFIC_HISTORY","Sin demanda GSC en 180d; NOINDEX_CANDIDATE solo con autorización"
"https://www.pinedayasociadoshn.com/blog/derecho-mercantil/constitucion-empresas-honduras-pasos-legales","constitucion-empresas-honduras-pasos-legales","derecho-mercantil","false","NOINDEX","0","0","INSUFFICIENT_TRAFFIC_HISTORY","No publicado y sin demanda GSC; no requiere noindex (no indexable)"
"https://www.pinedayasociadoshn.com/blog/derecho-bancario/central-riesgos-consultar-impugnar-honduras","central-riesgos-consultar-impugnar-honduras","derecho-bancario","false","NOINDEX","0","0","INSUFFICIENT_TRAFFIC_HISTORY","No publicado y sin demanda GSC; no requiere noindex (no indexable)"
"https://www.pinedayasociadoshn.com/blog/tributario/defensa-sar-choluteca","defensa-sar-choluteca","tributario","true","DATA_REQUIRED","0","0","INSUFFICIENT_TRAFFIC_HISTORY","Sin demanda GSC en 180d; NOINDEX_CANDIDATE solo con autorización"
"https://www.pinedayasociadoshn.com/blog/conciliacion-arbitraje/centro-conciliacion-arbitraje-ccic","centro-conciliacion-arbitraje-ccic","conciliacion-arbitraje","true","KEEP","0","24","KEEP_INDEXABLE","Indexable; demanda moderada"
"https://www.pinedayasociadoshn.com/blog/derecho-aduanero/codigo-aduanero-centroamericano","codigo-aduanero-centroamericano","derecho-aduanero","true","KEEP","2","64","KEEP","Tráfico estable; sin cambio"
"https://www.pinedayasociadoshn.com/blog/derecho-administrativo/expropiacion-forzosa-derechos-propietario-honduras","expropiacion-forzosa-derechos-propietario-honduras","derecho-administrativo","true","KEEP","11","271","KEEP","Tráfico estable; sin cambio"
"https://www.pinedayasociadoshn.com/blog/derecho-administrativo/contratacion-publica-licitaciones","contratacion-publica-licitaciones","derecho-administrativo","true","UPDATE","2","114","UPDATE_COMPLETED","Actualización propuesta (title/meta/H1) en patch manifest"
"https://www.pinedayasociadoshn.com/blog/derecho-civil/abogado-civil-choluteca","abogado-civil-choluteca","derecho-civil","true","KEEP","0","17","KEEP_INDEXABLE","Indexable; demanda moderada"
"https://www.pinedayasociadoshn.com/blog/derecho-de-familia/pension-alimenticia-choluteca","pension-alimenticia-choluteca","derecho-de-familia","true","DATA_REQUIRED","0","0","INSUFFICIENT_TRAFFIC_HISTORY","Sin demanda GSC en 180d; NOINDEX_CANDIDATE solo con autorización"
"https://www.pinedayasociadoshn.com/blog/extranjeria-migracion/residencia-temporal-requisitos-plazos-honduras","residencia-temporal-requisitos-plazos-honduras","extranjeria-migracion","true","UPDATE","1","280","UPDATE_COMPLETED","Actualización propuesta (title/meta/H1) en patch manifest"
"https://www.pinedayasociadoshn.com/blog/conciliacion-arbitraje/mediacion-vs-juicio-cual-elegir","mediacion-vs-juicio-cual-elegir","conciliacion-arbitraje","true","DATA_REQUIRED","0","0","INSUFFICIENT_TRAFFIC_HISTORY","Sin demanda GSC en 180d; NOINDEX_CANDIDATE solo con autorización"
"https://www.pinedayasociadoshn.com/blog/derecho-penal/cuando-prescribe-delito-en-honduras","cuando-prescribe-delito-en-honduras","derecho-penal","true","UPDATE","7","504","UPDATE_COMPLETED","Actualización propuesta (title/meta/H1) en patch manifest"
"https://www.pinedayasociadoshn.com/blog/proceso-penal/sobreseimiento-definitivo-provisional","sobreseimiento-definitivo-provisional","proceso-penal","true","DATA_REQUIRED","0","0","INSUFFICIENT_TRAFFIC_HISTORY","Sin demanda GSC en 180d; NOINDEX_CANDIDATE solo con autorización"
"https://www.pinedayasociadoshn.com/blog/derecho-de-familia/guarda-custodia-menores-tipos-honduras","guarda-custodia-menores-tipos-honduras","derecho-de-familia","false","NOINDEX","0","0","INSUFFICIENT_TRAFFIC_HISTORY","No publicado y sin demanda GSC; no requiere noindex (no indexable)"
"https://www.pinedayasociadoshn.com/blog/derechos-ciudadanos/proteccion-datos-personales-derechos-arco-honduras","proteccion-datos-personales-derechos-arco-honduras","derechos-ciudadanos","true","KEEP","4","56","KEEP","Tráfico estable; sin cambio"
"https://www.pinedayasociadoshn.com/blog/propiedad-intelectual/derechos-de-autor-proteccion-registro-honduras","derechos-de-autor-proteccion-registro-honduras","propiedad-intelectual","true","DATA_REQUIRED","0","0","INSUFFICIENT_TRAFFIC_HISTORY","Sin demanda GSC en 180d; NOINDEX_CANDIDATE solo con autorización"
"https://www.pinedayasociadoshn.com/blog/derecho-bancario/ejecucion-hipotecaria-honduras-que-hacer","ejecucion-hipotecaria-honduras-que-hacer","derecho-bancario","true","KEEP","5","77","KEEP","Tráfico estable; sin cambio"
"https://www.pinedayasociadoshn.com/blog/derecho-de-familia/pension-alimenticia-porcentaje-honduras-2026","pension-alimenticia-porcentaje-honduras-2026","derecho-de-familia","true","MERGE","104","2399","MERGE_PROPOSED","Requiere decisión editorial: ver cannibalization-decisions.csv (no se aplica redirect)"
"https://www.pinedayasociadoshn.com/blog/derecho-de-familia/abogado-familia-choluteca","abogado-familia-choluteca","derecho-de-familia","true","DATA_REQUIRED","0","0","INSUFFICIENT_TRAFFIC_HISTORY","Sin demanda GSC en 180d; NOINDEX_CANDIDATE solo con autorización"
"https://www.pinedayasociadoshn.com/blog/conciliacion-arbitraje/mediacion-familiar-cuando-funciona-honduras","mediacion-familiar-cuando-funciona-honduras","conciliacion-arbitraje","true","DATA_REQUIRED","0","0","INSUFFICIENT_TRAFFIC_HISTORY","Sin demanda GSC en 180d; NOINDEX_CANDIDATE solo con autorización"
"https://www.pinedayasociadoshn.com/blog/tributario/impuestos-pequenas-empresas-guia-basica-honduras","impuestos-pequenas-empresas-guia-basica-honduras","tributario","true","DATA_REQUIRED","0","0","INSUFFICIENT_TRAFFIC_HISTORY","Sin demanda GSC en 180d; NOINDEX_CANDIDATE solo con autorización"
"https://www.pinedayasociadoshn.com/blog/derecho-de-familia/pension-alimenticia-calcular-reclamar-honduras","pension-alimenticia-calcular-reclamar-honduras","derecho-de-familia","false","NOINDEX","0","0","INSUFFICIENT_TRAFFIC_HISTORY","No publicado y sin demanda GSC; no requiere noindex (no indexable)"
"https://www.pinedayasociadoshn.com/blog/derecho-mercantil/incumplimiento-contrato-comercial-honduras","incumplimiento-contrato-comercial-honduras","derecho-mercantil","true","KEEP","0","26","KEEP_INDEXABLE","Indexable; demanda moderada"
"https://www.pinedayasociadoshn.com/blog/propiedad-intelectual/proteccion-marcas-competencia-desleal","proteccion-marcas-competencia-desleal","propiedad-intelectual","true","DATA_REQUIRED","0","0","INSUFFICIENT_TRAFFIC_HISTORY","Sin demanda GSC en 180d; NOINDEX_CANDIDATE solo con autorización"
"https://www.pinedayasociadoshn.com/blog/tributario/impuesto-renta-guia-personas-fisicas-honduras","impuesto-renta-guia-personas-fisicas-honduras","tributario","false","NOINDEX","0","0","INSUFFICIENT_TRAFFIC_HISTORY","No publicado y sin demanda GSC; no requiere noindex (no indexable)"
"https://www.pinedayasociadoshn.com/blog/derecho-civil/testamentos-sucesiones-herencia-honduras","testamentos-sucesiones-herencia-honduras","derecho-civil","true","UPDATE","4","139","UPDATE_COMPLETED","Actualización propuesta (title/meta/H1) en patch manifest"
"https://www.pinedayasociadoshn.com/blog/derecho-penal/derechos-detenido-honduras-guia-constitucional","derechos-detenido-honduras-guia-constitucional","derecho-penal","true","DATA_REQUIRED","0","0","INSUFFICIENT_TRAFFIC_HISTORY","Sin demanda GSC en 180d; NOINDEX_CANDIDATE solo con autorización"
"https://www.pinedayasociadoshn.com/blog/extranjeria-migracion/refugio-asilo-solicitarlo","refugio-asilo-solicitarlo","extranjeria-migracion","true","DATA_REQUIRED","0","0","INSUFFICIENT_TRAFFIC_HISTORY","Sin demanda GSC en 180d; NOINDEX_CANDIDATE solo con autorización"
"https://www.pinedayasociadoshn.com/blog/derecho-laboral/despido-laboral-honduras-derechos","despido-laboral-honduras-derechos","derecho-laboral","false","NOINDEX","0","0","INSUFFICIENT_TRAFFIC_HISTORY","No publicado y sin demanda GSC; no requiere noindex (no indexable)"
"https://www.pinedayasociadoshn.com/blog/derecho-notarial/poder-notarial-honduras-tipos-requisitos","poder-notarial-honduras-tipos-requisitos","derecho-notarial","true","DATA_REQUIRED","0","0","INSUFFICIENT_TRAFFIC_HISTORY","Sin demanda GSC en 180d; NOINDEX_CANDIDATE solo con autorización"
"https://www.pinedayasociadoshn.com/blog/practica-legal/abogados-en-san-marcos-de-colon-choluteca","abogados-en-san-marcos-de-colon-choluteca","practica-legal","false","NOINDEX","0","0","INSUFFICIENT_TRAFFIC_HISTORY","No publicado y sin demanda GSC; no requiere noindex (no indexable)"
"https://www.pinedayasociadoshn.com/blog/practica-legal/abogados-en-san-lorenzo","abogados-en-san-lorenzo","practica-legal","false","KEEP","0","31","KEEP_INDEXABLE","No publicado; demanda potencial detectada → publicar con revisión"
"https://www.pinedayasociadoshn.com/blog/derecho-civil/reclamar-deuda-legalmente-honduras","reclamar-deuda-legalmente-honduras","derecho-civil","true","UPDATE","13","667","UPDATE_COMPLETED","Actualización propuesta (title/meta/H1) en patch manifest"
"https://www.pinedayasociadoshn.com/blog/practica-legal/como-elegir-abogado-honduras","como-elegir-abogado-honduras","practica-legal","true","DATA_REQUIRED","0","0","INSUFFICIENT_TRAFFIC_HISTORY","Sin demanda GSC en 180d; NOINDEX_CANDIDATE solo con autorización"
"https://www.pinedayasociadoshn.com/blog/tributario/isv-impuesto-venta-tasas-obligaciones-honduras","isv-impuesto-venta-tasas-obligaciones-honduras","tributario","true","DATA_REQUIRED","0","0","INSUFFICIENT_TRAFFIC_HISTORY","Sin demanda GSC en 180d; NOINDEX_CANDIDATE solo con autorización"
"https://www.pinedayasociadoshn.com/blog/derecho-ambiental/evaluacion-impacto-ambiental-honduras","evaluacion-impacto-ambiental-honduras","derecho-ambiental","true","DATA_REQUIRED","0","0","INSUFFICIENT_TRAFFIC_HISTORY","Sin demanda GSC en 180d; NOINDEX_CANDIDATE solo con autorización"
"https://www.pinedayasociadoshn.com/blog/derecho-penal/diferencia-denuncia-querella-acusacion-honduras","diferencia-denuncia-querella-acusacion-honduras","derecho-penal","true","UPDATE","9","332","UPDATE_COMPLETED","Actualización propuesta (title/meta/H1) en patch manifest"
"https://www.pinedayasociadoshn.com/blog/derecho-laboral/contratos-trabajo-tipos-clausulas-honduras","contratos-trabajo-tipos-clausulas-honduras","derecho-laboral","true","DATA_REQUIRED","0","0","INSUFFICIENT_TRAFFIC_HISTORY","Sin demanda GSC en 180d; NOINDEX_CANDIDATE solo con autorización"
"https://www.pinedayasociadoshn.com/blog/proceso-penal/habeas-corpus-cuando-interponer-honduras","habeas-corpus-cuando-interponer-honduras","proceso-penal","true","UPDATE","10","447","UPDATE_COMPLETED","Actualización propuesta (title/meta/H1) en patch manifest"
"https://www.pinedayasociadoshn.com/blog/derecho-aduanero/importaciones-san-lorenzo","importaciones-san-lorenzo","derecho-aduanero","true","KEEP","1","48","KEEP_INDEXABLE","Indexable; demanda moderada"
"https://www.pinedayasociadoshn.com/blog/derecho-ambiental/evaluacion-impacto-ambiental-paso-a-paso-honduras","evaluacion-impacto-ambiental-paso-a-paso-honduras","derecho-ambiental","false","NOINDEX","0","0","INSUFFICIENT_TRAFFIC_HISTORY","No publicado y sin demanda GSC; no requiere noindex (no indexable)"
"https://www.pinedayasociadoshn.com/blog/derecho-penal/cuando-necesito-abogado-penalista-honduras","cuando-necesito-abogado-penalista-honduras","derecho-penal","true","KEEP","0","48","KEEP_INDEXABLE","Indexable; demanda moderada"
"https://www.pinedayasociadoshn.com/blog/practica-legal/abogados-en-pespire-choluteca","abogados-en-pespire-choluteca","practica-legal","false","KEEP","1","28","KEEP_INDEXABLE","No publicado; demanda potencial detectada → publicar con revisión"
"https://www.pinedayasociadoshn.com/blog/derecho-civil/clausulas-abusivas-contratos-como-detectar-honduras","clausulas-abusivas-contratos-como-detectar-honduras","derecho-civil","true","KEEP","2","45","KEEP_INDEXABLE","Indexable; demanda moderada"
"https://www.pinedayasociadoshn.com/blog/derecho-penal/abogado-penalista-sur-honduras","abogado-penalista-sur-honduras","derecho-penal","true","DATA_REQUIRED","0","0","INSUFFICIENT_TRAFFIC_HISTORY","Sin demanda GSC en 180d; NOINDEX_CANDIDATE solo con autorización"
"https://www.pinedayasociadoshn.com/blog/derecho-aduanero/importar-mercancias-guia-aduanera","importar-mercancias-guia-aduanera","derecho-aduanero","true","DATA_REQUIRED","0","0","INSUFFICIENT_TRAFFIC_HISTORY","Sin demanda GSC en 180d; NOINDEX_CANDIDATE solo con autorización"
"https://www.pinedayasociadoshn.com/blog/conciliacion-arbitraje/arbitraje-honduras-guia-completa","arbitraje-honduras-guia-completa","conciliacion-arbitraje","true","DATA_REQUIRED","0","0","INSUFFICIENT_TRAFFIC_HISTORY","Sin demanda GSC en 180d; NOINDEX_CANDIDATE solo con autorización"
"https://www.pinedayasociadoshn.com/blog/derecho-mercantil/contratos-franquicia-aspectos","contratos-franquicia-aspectos","derecho-mercantil","true","DATA_REQUIRED","0","0","INSUFFICIENT_TRAFFIC_HISTORY","Sin demanda GSC en 180d; NOINDEX_CANDIDATE solo con autorización"
"https://www.pinedayasociadoshn.com/blog/derecho-civil/contratos-arrendamiento-derechos-obligaciones-honduras","contratos-arrendamiento-derechos-obligaciones-honduras","derecho-civil","true","UPDATE","3","334","UPDATE_COMPLETED","Actualización propuesta (title/meta/H1) en patch manifest"
"https://www.pinedayasociadoshn.com/blog/derecho-laboral/riesgos-profesionales-accidentes","riesgos-profesionales-accidentes","derecho-laboral","true","DATA_REQUIRED","0","0","INSUFFICIENT_TRAFFIC_HISTORY","Sin demanda GSC en 180d; NOINDEX_CANDIDATE solo con autorización"
"https://www.pinedayasociadoshn.com/blog/derecho-mercantil/abogado-empresas-san-lorenzo","abogado-empresas-san-lorenzo","derecho-mercantil","true","DATA_REQUIRED","0","0","INSUFFICIENT_TRAFFIC_HISTORY","Sin demanda GSC en 180d; NOINDEX_CANDIDATE solo con autorización"
"https://www.pinedayasociadoshn.com/blog/derecho-bancario/derechos-consumidor-financiero-honduras-cnbs","derechos-consumidor-financiero-honduras-cnbs","derecho-bancario","true","KEEP","0","27","KEEP_INDEXABLE","Indexable; demanda moderada"
"https://www.pinedayasociadoshn.com/blog/derecho-civil/cobro-deudas-choluteca","cobro-deudas-choluteca","derecho-civil","true","KEEP","0","27","KEEP_INDEXABLE","Indexable; demanda moderada"
"https://www.pinedayasociadoshn.com/blog/derecho-de-familia/problemas-legales-familiares-honduras","problemas-legales-familiares-honduras","derecho-de-familia","false","NOINDEX","0","0","INSUFFICIENT_TRAFFIC_HISTORY","No publicado y sin demanda GSC; no requiere noindex (no indexable)"
"https://www.pinedayasociadoshn.com/blog/tributario/facturacion-electronica-requisitos-sar","facturacion-electronica-requisitos-sar","tributario","true","DATA_REQUIRED","0","0","INSUFFICIENT_TRAFFIC_HISTORY","Sin demanda GSC en 180d; NOINDEX_CANDIDATE solo con autorización"
"https://www.pinedayasociadoshn.com/blog/derecho-de-familia/adopcion-requisitos-proceso-honduras","adopcion-requisitos-proceso-honduras","derecho-de-familia","true","KEEP","0","5","KEEP_INDEXABLE","Indexable; demanda moderada"
"https://www.pinedayasociadoshn.com/blog/derecho-civil/herencias-honduras-fallece-familiar","herencias-honduras-fallece-familiar","derecho-civil","false","NOINDEX","0","0","INSUFFICIENT_TRAFFIC_HISTORY","No publicado y sin demanda GSC; no requiere noindex (no indexable)"
"https://www.pinedayasociadoshn.com/blog/hondurenos-en-espana/reagrupacion-familiar-hondurenos-espana","reagrupacion-familiar-hondurenos-espana","hondurenos-en-espana","true","DATA_REQUIRED","0","0","INSUFFICIENT_TRAFFIC_HISTORY","Sin demanda GSC en 180d; NOINDEX_CANDIDATE solo con autorización"
"https://www.pinedayasociadoshn.com/blog/derecho-penal/allanamiento-ilegal-violacion-domicilio-honduras","allanamiento-ilegal-violacion-domicilio-honduras","derecho-penal","true","KEEP","1","49","KEEP_INDEXABLE","Indexable; demanda moderada"
"https://www.pinedayasociadoshn.com/blog/derecho-ambiental/delitos-ambientales-como-denunciarlos-honduras","delitos-ambientales-como-denunciarlos-honduras","derecho-ambiental","true","DATA_REQUIRED","0","0","INSUFFICIENT_TRAFFIC_HISTORY","Sin demanda GSC en 180d; NOINDEX_CANDIDATE solo con autorización"
"https://www.pinedayasociadoshn.com/blog/derecho-penal/violencia-domestica-ruta-legal-honduras","violencia-domestica-ruta-legal-honduras","derecho-penal","true","KEEP","0","2","KEEP_INDEXABLE","Indexable; demanda moderada"
"https://www.pinedayasociadoshn.com/blog/derecho-de-familia/divorcio-tipos-requisitos-tiempos-honduras","divorcio-tipos-requisitos-tiempos-honduras","derecho-de-familia","false","NOINDEX","0","0","INSUFFICIENT_TRAFFIC_HISTORY","No publicado y sin demanda GSC; no requiere noindex (no indexable)"
"https://www.pinedayasociadoshn.com/blog/derecho-bancario/central-riesgos-honduras-consultar-impugnar","central-riesgos-honduras-consultar-impugnar","derecho-bancario","true","DATA_REQUIRED","0","0","INSUFFICIENT_TRAFFIC_HISTORY","Sin demanda GSC en 180d; NOINDEX_CANDIDATE solo con autorización"
"https://www.pinedayasociadoshn.com/blog/practica-legal/costos-honorarios-abogados-como-funcionan-honduras","costos-honorarios-abogados-como-funcionan-honduras","practica-legal","true","DATA_REQUIRED","0","0","INSUFFICIENT_TRAFFIC_HISTORY","Sin demanda GSC en 180d; NOINDEX_CANDIDATE solo con autorización"
"https://www.pinedayasociadoshn.com/blog/proceso-penal/recursos-sentencia-penal-apelacion-casacion-honduras","recursos-sentencia-penal-apelacion-casacion-honduras","proceso-penal","true","EXPAND","12","337","EXPAND_COMPLETED","Expansión propuesta en patch manifest"
"https://www.pinedayasociadoshn.com/blog/derecho-laboral/acoso-laboral-mobbing-honduras","acoso-laboral-mobbing-honduras","derecho-laboral","true","KEEP","0","6","KEEP_INDEXABLE","Indexable; demanda moderada"
"https://www.pinedayasociadoshn.com/blog/derecho-ambiental/derecho-ambiental-honduras","derecho-ambiental-honduras","derecho-ambiental","true","DATA_REQUIRED","0","0","INSUFFICIENT_TRAFFIC_HISTORY","Sin demanda GSC en 180d; NOINDEX_CANDIDATE solo con autorización"
"https://www.pinedayasociadoshn.com/blog/derecho-de-familia/custodia-hijos-honduras-juez","custodia-hijos-honduras-juez","derecho-de-familia","true","UPDATE","24","1293","UPDATE_COMPLETED","Actualización propuesta (title/meta/H1) en patch manifest"
"https://www.pinedayasociadoshn.com/blog/derecho-de-familia/pension-alimenticia-honduras-como-solicitarla","pension-alimenticia-honduras-como-solicitarla","derecho-de-familia","false","UPDATE","5","225","KEEP_INDEXABLE","No publicado; demanda potencial detectada → publicar con revisión"
"https://www.pinedayasociadoshn.com/blog/conciliacion-arbitraje/arbitraje-cuando-conviene-como-funciona-honduras","arbitraje-cuando-conviene-como-funciona-honduras","conciliacion-arbitraje","false","NOINDEX","0","0","INSUFFICIENT_TRAFFIC_HISTORY","No publicado y sin demanda GSC; no requiere noindex (no indexable)"
"https://www.pinedayasociadoshn.com/blog/derecho-laboral/jornada-laboral-horas-extra-descansos-honduras","jornada-laboral-horas-extra-descansos-honduras","derecho-laboral","true","DATA_REQUIRED","0","0","INSUFFICIENT_TRAFFIC_HISTORY","Sin demanda GSC en 180d; NOINDEX_CANDIDATE solo con autorización"
"https://www.pinedayasociadoshn.com/blog/derecho-civil/prescripcion-deudas-plazos-honduras","prescripcion-deudas-plazos-honduras","derecho-civil","true","MERGE","62","1834","MERGE_PROPOSED","Requiere decisión editorial: ver cannibalization-decisions.csv (no se aplica redirect)"
"https://www.pinedayasociadoshn.com/blog/tributario/impuesto-renta-personas-fisicas-honduras","impuesto-renta-personas-fisicas-honduras","tributario","true","DATA_REQUIRED","0","0","INSUFFICIENT_TRAFFIC_HISTORY","Sin demanda GSC en 180d; NOINDEX_CANDIDATE solo con autorización"
"https://www.pinedayasociadoshn.com/blog/derecho-penal/delitos-mas-comunes-honduras","delitos-mas-comunes-honduras","derecho-penal","true","DATA_REQUIRED","0","0","INSUFFICIENT_TRAFFIC_HISTORY","Sin demanda GSC en 180d; NOINDEX_CANDIDATE solo con autorización"
"https://www.pinedayasociadoshn.com/blog/proceso-penal/juicio-oral-etapas-que-esperar-honduras","juicio-oral-etapas-que-esperar-honduras","proceso-penal","true","UPDATE","4","155","UPDATE_COMPLETED","Actualización propuesta (title/meta/H1) en patch manifest"
"https://www.pinedayasociadoshn.com/blog/derecho-mercantil/elegir-tipo-sociedad-empresa-honduras","elegir-tipo-sociedad-empresa-honduras","derecho-mercantil","false","NOINDEX","0","0","INSUFFICIENT_TRAFFIC_HISTORY","No publicado y sin demanda GSC; no requiere noindex (no indexable)"
"https://www.pinedayasociadoshn.com/blog/derechos-ciudadanos/presentar-denuncia-conadeh-honduras","presentar-denuncia-conadeh-honduras","derechos-ciudadanos","true","KEEP","5","152","KEEP","Tráfico estable; sin cambio"
"https://www.pinedayasociadoshn.com/blog/derecho-de-familia/divorcio-express-mutuo-acuerdo-honduras","divorcio-express-mutuo-acuerdo-honduras","derecho-de-familia","false","NOINDEX","0","0","INSUFFICIENT_TRAFFIC_HISTORY","No publicado y sin demanda GSC; no requiere noindex (no indexable)"
"https://www.pinedayasociadoshn.com/blog/practica-legal/elegir-bufete-abogados-nacaome","elegir-bufete-abogados-nacaome","practica-legal","false","NOINDEX","0","0","INSUFFICIENT_TRAFFIC_HISTORY","No publicado y sin demanda GSC; no requiere noindex (no indexable)"
"https://www.pinedayasociadoshn.com/blog/derecho-aduanero/abogado-aduanero-san-lorenzo","abogado-aduanero-san-lorenzo","derecho-aduanero","true","KEEP","0","11","KEEP_INDEXABLE","Indexable; demanda moderada"
"https://www.pinedayasociadoshn.com/blog/derecho-penal/audiencia-inicial-proceso-penal-honduras","audiencia-inicial-proceso-penal-honduras","derecho-penal","true","DATA_REQUIRED","0","0","INSUFFICIENT_TRAFFIC_HISTORY","Sin demanda GSC en 180d; NOINDEX_CANDIDATE solo con autorización"
"https://www.pinedayasociadoshn.com/blog/derecho-bancario/ejecucion-hipotecaria-que-hacer-honduras","ejecucion-hipotecaria-que-hacer-honduras","derecho-bancario","false","NOINDEX","0","0","INSUFFICIENT_TRAFFIC_HISTORY","No publicado y sin demanda GSC; no requiere noindex (no indexable)"
"https://www.pinedayasociadoshn.com/blog/derecho-administrativo/despido-empleados-publicos-procedencia-defensa-honduras","despido-empleados-publicos-procedencia-defensa-honduras","derecho-administrativo","false","NOINDEX","0","0","INSUFFICIENT_TRAFFIC_HISTORY","No publicado y sin demanda GSC; no requiere noindex (no indexable)"
"https://www.pinedayasociadoshn.com/blog/derechos-ciudadanos/derechos-del-detenido-guia-constitucional-honduras","derechos-del-detenido-guia-constitucional-honduras","derechos-ciudadanos","false","NOINDEX","0","0","INSUFFICIENT_TRAFFIC_HISTORY","No publicado y sin demanda GSC; no requiere noindex (no indexable)"
"https://www.pinedayasociadoshn.com/blog/derecho-bancario/derechos-consumidor-financiero-cnbs-honduras","derechos-consumidor-financiero-cnbs-honduras","derecho-bancario","false","NOINDEX","0","0","INSUFFICIENT_TRAFFIC_HISTORY","No publicado y sin demanda GSC; no requiere noindex (no indexable)"
"https://www.pinedayasociadoshn.com/blog/derecho-de-familia/union-de-hecho-requisitos-derechos-honduras","union-de-hecho-requisitos-derechos-honduras","derecho-de-familia","true","DATA_REQUIRED","0","0","INSUFFICIENT_TRAFFIC_HISTORY","Sin demanda GSC en 180d; NOINDEX_CANDIDATE solo con autorización"
"https://www.pinedayasociadoshn.com/blog/hondurenos-en-espana/hondurenos-en-espana-guia-legal-completa","hondurenos-en-espana-guia-legal-completa","hondurenos-en-espana","false","NOINDEX","0","0","INSUFFICIENT_TRAFFIC_HISTORY","No publicado y sin demanda GSC; no requiere noindex (no indexable)"
"https://www.pinedayasociadoshn.com/blog/practica-legal/abogados-en-amapala-valle","abogados-en-amapala-valle","practica-legal","false","NOINDEX","0","0","INSUFFICIENT_TRAFFIC_HISTORY","No publicado y sin demanda GSC; no requiere noindex (no indexable)"
"https://www.pinedayasociadoshn.com/blog/propiedad-intelectual/registrar-marca-paso-a-paso-honduras","registrar-marca-paso-a-paso-honduras","propiedad-intelectual","false","NOINDEX","0","0","INSUFFICIENT_TRAFFIC_HISTORY","No publicado y sin demanda GSC; no requiere noindex (no indexable)"
"https://www.pinedayasociadoshn.com/blog/derechos-ciudadanos/derecho-de-peticion-instituciones-honduras","derecho-de-peticion-instituciones-honduras","derechos-ciudadanos","true","KEEP","0","87","KEEP_INDEXABLE","Indexable; demanda moderada"
"https://www.pinedayasociadoshn.com/blog/hondurenos-en-espana/asuntos-familiares-honduras-espana","asuntos-familiares-honduras-espana","hondurenos-en-espana","true","DATA_REQUIRED","0","0","INSUFFICIENT_TRAFFIC_HISTORY","Sin demanda GSC en 180d; NOINDEX_CANDIDATE solo con autorización"
"https://www.pinedayasociadoshn.com/blog/tributario/sar-notifica-fiscalizacion-que-hacer-honduras","sar-notifica-fiscalizacion-que-hacer-honduras","tributario","true","KEEP","1","25","KEEP_INDEXABLE","Indexable; demanda moderada"
"https://www.pinedayasociadoshn.com/blog/derecho-administrativo/recurso-de-amparo-para-que-sirve-honduras","recurso-de-amparo-para-que-sirve-honduras","derecho-administrativo","false","NOINDEX","0","0","INSUFFICIENT_TRAFFIC_HISTORY","No publicado y sin demanda GSC; no requiere noindex (no indexable)"
"https://www.pinedayasociadoshn.com/blog/proceso-penal/etapa-investigacion-proceso-penal-honduras","etapa-investigacion-proceso-penal-honduras","proceso-penal","true","KEEP","1","55","KEEP","Tráfico estable; sin cambio"
"https://www.pinedayasociadoshn.com/blog/hondurenos-en-espana/tributar-espana-bienes-guia","tributar-espana-bienes-guia","hondurenos-en-espana","true","KEEP","1","47","KEEP_INDEXABLE","Indexable; demanda moderada"
"https://www.pinedayasociadoshn.com/blog/practica-legal/lavado-activos-obligaciones","lavado-activos-obligaciones","practica-legal","true","DATA_REQUIRED","0","0","INSUFFICIENT_TRAFFIC_HISTORY","Sin demanda GSC en 180d; NOINDEX_CANDIDATE solo con autorización"
"https://www.pinedayasociadoshn.com/blog/derecho-penal/antejuicio-en-honduras","antejuicio-en-honduras","derecho-penal","true","KEEP","1","50","KEEP","Tráfico estable; sin cambio"
"https://www.pinedayasociadoshn.com/blog/regulacion-sanitaria/responsabilidad-medica-mala-praxis-honduras","responsabilidad-medica-mala-praxis-honduras","regulacion-sanitaria","true","UPDATE","10","130","UPDATE_COMPLETED","Actualización propuesta (title/meta/H1) en patch manifest"
"https://www.pinedayasociadoshn.com/blog/derecho-penal/estafas-fraudes-tipos-penales-honduras","estafas-fraudes-tipos-penales-honduras","derecho-penal","true","UPDATE","16","913","UPDATE_COMPLETED","Actualización propuesta (title/meta/H1) en patch manifest"
"https://www.pinedayasociadoshn.com/blog/derecho-penal/fianza-medidas-cautelares-proceso-penal-honduras","fianza-medidas-cautelares-proceso-penal-honduras","derecho-penal","true","UPDATE","1","105","UPDATE_COMPLETED","Actualización propuesta (title/meta/H1) en patch manifest"
"https://www.pinedayasociadoshn.com/blog/derecho-aduanero/guia-aduanera-importaciones-honduras","guia-aduanera-importaciones-honduras","derecho-aduanero","true","DATA_REQUIRED","0","0","INSUFFICIENT_TRAFFIC_HISTORY","Sin demanda GSC en 180d; NOINDEX_CANDIDATE solo con autorización"
"https://www.pinedayasociadoshn.com/blog/noticias-legales/actualizacion-legislativa-mensual-honduras","actualizacion-legislativa-mensual-honduras","noticias-legales","false","NOINDEX","0","0","INSUFFICIENT_TRAFFIC_HISTORY","No publicado y sin demanda GSC; no requiere noindex (no indexable)"
"https://www.pinedayasociadoshn.com/blog/derecho-civil/danos-perjuicios-indemnizacion-honduras","danos-perjuicios-indemnizacion-honduras","derecho-civil","true","MERGE","48","1107","MERGE_PROPOSED","Requiere decisión editorial: ver cannibalization-decisions.csv (no se aplica redirect)"
"https://www.pinedayasociadoshn.com/blog/propiedad-intelectual/patentes-requisitos-proceso-solicitud-honduras","patentes-requisitos-proceso-solicitud-honduras","propiedad-intelectual","true","DATA_REQUIRED","0","0","INSUFFICIENT_TRAFFIC_HISTORY","Sin demanda GSC en 180d; NOINDEX_CANDIDATE solo con autorización"
"https://www.pinedayasociadoshn.com/blog/derecho-de-familia/violencia-intrafamiliar-denuncia-proteccion-honduras","violencia-intrafamiliar-denuncia-proteccion-honduras","derecho-de-familia","false","NOINDEX","0","0","INSUFFICIENT_TRAFFIC_HISTORY","No publicado y sin demanda GSC; no requiere noindex (no indexable)"
"https://www.pinedayasociadoshn.com/blog/derecho-bancario/banco-demanda-deuda-defensa-opciones-honduras","banco-demanda-deuda-defensa-opciones-honduras","derecho-bancario","true","DATA_REQUIRED","0","0","INSUFFICIENT_TRAFFIC_HISTORY","Sin demanda GSC en 180d; NOINDEX_CANDIDATE solo con autorización"
"https://www.pinedayasociadoshn.com/blog/derecho-mercantil/competencia-desleal-como-denunciar-honduras","competencia-desleal-como-denunciar-honduras","derecho-mercantil","true","KEEP","13","251","KEEP","Tráfico estable; sin cambio"
"https://www.pinedayasociadoshn.com/blog/derecho-aduanero/importar-china-guia-aduanera","importar-china-guia-aduanera","derecho-aduanero","true","DATA_REQUIRED","0","0","INSUFFICIENT_TRAFFIC_HISTORY","Sin demanda GSC en 180d; NOINDEX_CANDIDATE solo con autorización"
"https://www.pinedayasociadoshn.com/blog/practica-legal/abogados-en-nacaome","abogados-en-nacaome","practica-legal","false","KEEP","0","47","KEEP_INDEXABLE","No publicado; demanda potencial detectada → publicar con revisión"
"https://www.pinedayasociadoshn.com/blog/derecho-civil/usucapion-prescripcion-adquisitiva-honduras","usucapion-prescripcion-adquisitiva-honduras","derecho-civil","true","DATA_REQUIRED","0","0","INSUFFICIENT_TRAFFIC_HISTORY","Sin demanda GSC en 180d; NOINDEX_CANDIDATE solo con autorización"
"https://www.pinedayasociadoshn.com/blog/derecho-de-familia/divorcio-honduras-pasos-requisitos","divorcio-honduras-pasos-requisitos","derecho-de-familia","false","NOINDEX","0","0","INSUFFICIENT_TRAFFIC_HISTORY","No publicado y sin demanda GSC; no requiere noindex (no indexable)"
"https://www.pinedayasociadoshn.com/blog/derecho-mercantil/tipos-sociedad-mercantil-honduras","tipos-sociedad-mercantil-honduras","derecho-mercantil","true","KEEP","0","2","KEEP_INDEXABLE","Indexable; demanda moderada"
"https://www.pinedayasociadoshn.com/blog/derecho-civil/compraventa-inmuebles-aspectos-legales-honduras","compraventa-inmuebles-aspectos-legales-honduras","derecho-civil","true","DATA_REQUIRED","0","0","INSUFFICIENT_TRAFFIC_HISTORY","Sin demanda GSC en 180d; NOINDEX_CANDIDATE solo con autorización"
"https://www.pinedayasociadoshn.com/blog/propiedad-intelectual/registrar-marca-honduras-paso-a-paso","registrar-marca-honduras-paso-a-paso","propiedad-intelectual","true","DATA_REQUIRED","0","0","INSUFFICIENT_TRAFFIC_HISTORY","Sin demanda GSC en 180d; NOINDEX_CANDIDATE solo con autorización"
"https://www.pinedayasociadoshn.com/blog/practica-legal/como-obtener-rtn-personas-empresas-honduras","como-obtener-rtn-personas-empresas-honduras","practica-legal","true","KEEP","0","2","KEEP_INDEXABLE","Indexable; demanda moderada"
"https://www.pinedayasociadoshn.com/blog/practica-legal/como-elegir-buen-abogado-guia-practica-honduras","como-elegir-buen-abogado-guia-practica-honduras","practica-legal","false","NOINDEX","0","0","INSUFFICIENT_TRAFFIC_HISTORY","No publicado y sin demanda GSC; no requiere noindex (no indexable)"
"https://www.pinedayasociadoshn.com/blog/propiedad-intelectual/contratos-confidencialidad-nda-secreto-comercial-honduras","contratos-confidencialidad-nda-secreto-comercial-honduras","propiedad-intelectual","true","KEEP","3","95","KEEP","Tráfico estable; sin cambio"
"https://www.pinedayasociadoshn.com/blog/extranjeria-migracion/permiso-trabajo-extranjeros-honduras","permiso-trabajo-extranjeros-honduras","extranjeria-migracion","true","DATA_REQUIRED","0","0","INSUFFICIENT_TRAFFIC_HISTORY","Sin demanda GSC en 180d; NOINDEX_CANDIDATE solo con autorización"
"https://www.pinedayasociadoshn.com/blog/derechos-ciudadanos/libertad-expresion-redes-sociales-honduras","libertad-expresion-redes-sociales-honduras","derechos-ciudadanos","true","KEEP","0","4","KEEP_INDEXABLE","Indexable; demanda moderada"
"https://www.pinedayasociadoshn.com/blog/hondurenos-en-espana/poder-desde-espana-para-tramites-honduras","poder-desde-espana-para-tramites-honduras","hondurenos-en-espana","true","DATA_REQUIRED","0","0","INSUFFICIENT_TRAFFIC_HISTORY","Sin demanda GSC en 180d; NOINDEX_CANDIDATE solo con autorización"
"https://www.pinedayasociadoshn.com/blog/practica-legal/elegir-bufete-multidisciplinario-ventajas-honduras","elegir-bufete-multidisciplinario-ventajas-honduras","practica-legal","false","NOINDEX","0","0","INSUFFICIENT_TRAFFIC_HISTORY","No publicado y sin demanda GSC; no requiere noindex (no indexable)"
"https://www.pinedayasociadoshn.com/blog/derecho-de-familia/divorcio-honduras-guia-completa","divorcio-honduras-guia-completa","derecho-de-familia","true","UPDATE","7","1286","UPDATE_COMPLETED","Actualización propuesta (title/meta/H1) en patch manifest"
"https://www.pinedayasociadoshn.com/blog/practica-legal/constituir-empresa-guia-paso-a-paso-honduras","constituir-empresa-guia-paso-a-paso-honduras","practica-legal","true","UPDATE","5","223","UPDATE_COMPLETED","Actualización propuesta (title/meta/H1) en patch manifest"
"https://www.pinedayasociadoshn.com/blog/hondurenos-en-espana/hondurenos-espana-documentos","hondurenos-espana-documentos","hondurenos-en-espana","true","DATA_REQUIRED","0","0","INSUFFICIENT_TRAFFIC_HISTORY","Sin demanda GSC en 180d; NOINDEX_CANDIDATE solo con autorización"
"https://www.pinedayasociadoshn.com/blog/derecho-penal/defensa-penal-menores-edad-honduras","defensa-penal-menores-edad-honduras","derecho-penal","true","UPDATE","1","102","UPDATE_COMPLETED","Actualización propuesta (title/meta/H1) en patch manifest"
"https://www.pinedayasociadoshn.com/blog/derecho-laboral/demanda-laboral-choluteca","demanda-laboral-choluteca","derecho-laboral","true","DATA_REQUIRED","0","0","INSUFFICIENT_TRAFFIC_HISTORY","Sin demanda GSC en 180d; NOINDEX_CANDIDATE solo con autorización"
"https://www.pinedayasociadoshn.com/blog/derecho-penal/defensa-penal-honduras","defensa-penal-honduras","derecho-penal","true","KEEP","0","8","KEEP_INDEXABLE","Indexable; demanda moderada"
"https://www.pinedayasociadoshn.com/blog/practica-legal/preguntas-frecuentes-antes-contratar-abogado-honduras","preguntas-frecuentes-antes-contratar-abogado-honduras","practica-legal","true","KEEP","0","16","KEEP_INDEXABLE","Indexable; demanda moderada"
"https://www.pinedayasociadoshn.com/blog/practica-legal/abogados-en-choluteca","abogados-en-choluteca","practica-legal","false","NOINDEX","0","0","INSUFFICIENT_TRAFFIC_HISTORY","No publicado y sin demanda GSC; no requiere noindex (no indexable)"
"https://www.pinedayasociadoshn.com/blog/derecho-laboral/derechos-trabajadora-embarazada-honduras","derechos-trabajadora-embarazada-honduras","derecho-laboral","true","UPDATE","9","557","UPDATE_COMPLETED","Actualización propuesta (title/meta/H1) en patch manifest"
"https://www.pinedayasociadoshn.com/blog/derecho-laboral/empleador-no-paga-salario-honduras","empleador-no-paga-salario-honduras","derecho-laboral","false","UPDATE","0","201","KEEP_INDEXABLE","No publicado; demanda potencial detectada → publicar con revisión"
"https://www.pinedayasociadoshn.com/blog/practica-legal/proceso-consulta-legal-pineda","proceso-consulta-legal-pineda","practica-legal","true","DATA_REQUIRED","0","0","INSUFFICIENT_TRAFFIC_HISTORY","Sin demanda GSC en 180d; NOINDEX_CANDIDATE solo con autorización"
"https://www.pinedayasociadoshn.com/blog/derecho-civil/errores-contratos-civiles-honduras","errores-contratos-civiles-honduras","derecho-civil","true","KEEP","0","18","KEEP_INDEXABLE","Indexable; demanda moderada"
"https://www.pinedayasociadoshn.com/blog/derecho-administrativo/recurso-de-amparo-honduras-guia-completa","recurso-de-amparo-honduras-guia-completa","derecho-administrativo","true","UPDATE","2","117","UPDATE_COMPLETED","Actualización propuesta (title/meta/H1) en patch manifest"
"https://www.pinedayasociadoshn.com/blog/derecho-laboral/despido-injustificado-honduras-derechos-trabajador","despido-injustificado-honduras-derechos-trabajador","derecho-laboral","false","NOINDEX","0","0","INSUFFICIENT_TRAFFIC_HISTORY","No publicado y sin demanda GSC; no requiere noindex (no indexable)"
"https://www.pinedayasociadoshn.com/blog/hondurenos-en-espana/herencias-transfronterizas-bienes","herencias-transfronterizas-bienes","hondurenos-en-espana","true","KEEP","1","39","KEEP_INDEXABLE","Indexable; demanda moderada"
"https://www.pinedayasociadoshn.com/blog/derecho-laboral/abogado-laboral-choluteca","abogado-laboral-choluteca","derecho-laboral","true","KEEP","1","11","KEEP_INDEXABLE","Indexable; demanda moderada"
"https://www.pinedayasociadoshn.com/blog/derecho-civil/accidente-transito-choluteca","accidente-transito-choluteca","derecho-civil","true","KEEP","0","28","KEEP_INDEXABLE","Indexable; demanda moderada"
"https://www.pinedayasociadoshn.com/blog/practica-legal/tramites-legales-nacaome","tramites-legales-nacaome","practica-legal","true","DATA_REQUIRED","0","0","INSUFFICIENT_TRAFFIC_HISTORY","Sin demanda GSC en 180d; NOINDEX_CANDIDATE solo con autorización"
"https://www.pinedayasociadoshn.com/blog/derecho-laboral/despido-laboral-honduras-guia-completa","despido-laboral-honduras-guia-completa","derecho-laboral","true","UPDATE","4","304","UPDATE_COMPLETED","Actualización propuesta (title/meta/H1) en patch manifest"
"https://www.pinedayasociadoshn.com/blog/derecho-penal/abogado-penalista-choluteca","abogado-penalista-choluteca","derecho-penal","false","KEEP","0","34","KEEP_INDEXABLE","No publicado; demanda potencial detectada → publicar con revisión"
"https://www.pinedayasociadoshn.com/blog/derecho-laboral/calcular-liquidacion-laboral-honduras","calcular-liquidacion-laboral-honduras","derecho-laboral","true","DATA_REQUIRED","0","0","INSUFFICIENT_TRAFFIC_HISTORY","Sin demanda GSC en 180d; NOINDEX_CANDIDATE solo con autorización"
"https://www.pinedayasociadoshn.com/blog/derecho-de-familia/pension-alimenticia-honduras-guia-completa","pension-alimenticia-honduras-guia-completa","derecho-de-familia","true","UPDATE","33","2618","UPDATE_COMPLETED","Actualización propuesta (title/meta/H1) en patch manifest"
"https://www.pinedayasociadoshn.com/blog/practica-legal/abogados-en-marcovia-choluteca","abogados-en-marcovia-choluteca","practica-legal","false","KEEP","3","16","KEEP_INDEXABLE","No publicado; demanda potencial detectada → publicar con revisión"
"https://www.pinedayasociadoshn.com/blog/derecho-laboral/calcular-prestaciones-laborales-honduras","calcular-prestaciones-laborales-honduras","derecho-laboral","false","NOINDEX","0","0","INSUFFICIENT_TRAFFIC_HISTORY","No publicado y sin demanda GSC; no requiere noindex (no indexable)"
"https://www.pinedayasociadoshn.com/blog/practica-legal/como-preparar-demanda-guia-no-abogados-honduras","como-preparar-demanda-guia-no-abogados-honduras","practica-legal","true","DATA_REQUIRED","0","0","INSUFFICIENT_TRAFFIC_HISTORY","Sin demanda GSC en 180d; NOINDEX_CANDIDATE solo con autorización"
"https://www.pinedayasociadoshn.com/blog/derecho-mercantil/contratos-mercantiles-esenciales-empresas-honduras","contratos-mercantiles-esenciales-empresas-honduras","derecho-mercantil","true","KEEP","29","445","KEEP","Tráfico estable; sin cambio"
"https://www.pinedayasociadoshn.com/blog/derecho-ambiental/derechos-indigenas-consulta-previa-honduras","derechos-indigenas-consulta-previa-honduras","derecho-ambiental","true","KEEP","0","11","KEEP_INDEXABLE","Indexable; demanda moderada"
"https://www.pinedayasociadoshn.com/blog/extranjeria-migracion/visas-inversion-rentista-pensionado","visas-inversion-rentista-pensionado","extranjeria-migracion","true","DATA_REQUIRED","0","0","INSUFFICIENT_TRAFFIC_HISTORY","Sin demanda GSC en 180d; NOINDEX_CANDIDATE solo con autorización"
"https://www.pinedayasociadoshn.com/blog/hondurenos-en-espana/nacionalidad-espanola-para-hondurenos-residencia-plazos","nacionalidad-espanola-para-hondurenos-residencia-plazos","hondurenos-en-espana","true","UPDATE","1","398","UPDATE_COMPLETED","Actualización propuesta (title/meta/H1) en patch manifest"
"https://www.pinedayasociadoshn.com/blog/derecho-administrativo/despido-empleados-publicos-honduras","despido-empleados-publicos-honduras","derecho-administrativo","true","DATA_REQUIRED","0","0","INSUFFICIENT_TRAFFIC_HISTORY","Sin demanda GSC en 180d; NOINDEX_CANDIDATE solo con autorización"
"https://www.pinedayasociadoshn.com/blog/derecho-de-familia/divorcio-choluteca","divorcio-choluteca","derecho-de-familia","true","DATA_REQUIRED","0","0","INSUFFICIENT_TRAFFIC_HISTORY","Sin demanda GSC en 180d; NOINDEX_CANDIDATE solo con autorización"
"https://www.pinedayasociadoshn.com/blog/derecho-penal/medidas-sustitutivas-prision-preventiva-honduras","medidas-sustitutivas-prision-preventiva-honduras","derecho-penal","true","DATA_REQUIRED","0","0","INSUFFICIENT_TRAFFIC_HISTORY","Sin demanda GSC en 180d; NOINDEX_CANDIDATE solo con autorización"
"https://www.pinedayasociadoshn.com/blog/derecho-administrativo/sanciones-administrativas-como-defenderse-honduras","sanciones-administrativas-como-defenderse-honduras","derecho-administrativo","true","DATA_REQUIRED","0","0","INSUFFICIENT_TRAFFIC_HISTORY","Sin demanda GSC en 180d; NOINDEX_CANDIDATE solo con autorización"
"https://www.pinedayasociadoshn.com/blog/derecho-penal/que-hacer-si-me-detienen-en-honduras","que-hacer-si-me-detienen-en-honduras","derecho-penal","true","UPDATE","5","421","UPDATE_COMPLETED","Actualización propuesta (title/meta/H1) en patch manifest"
"https://www.pinedayasociadoshn.com/blog/derecho-notarial/poder-legal-honduras-cuando-se-necesita","poder-legal-honduras-cuando-se-necesita","derecho-notarial","true","UPDATE","37","2205","UPDATE_COMPLETED","Actualización propuesta (title/meta/H1) en patch manifest"
"https://www.pinedayasociadoshn.com/blog/derecho-laboral/derechos-laborales-basicos-honduras","derechos-laborales-basicos-honduras","derecho-laboral","true","DATA_REQUIRED","0","0","INSUFFICIENT_TRAFFIC_HISTORY","Sin demanda GSC en 180d; NOINDEX_CANDIDATE solo con autorización"
"https://www.pinedayasociadoshn.com/blog/derecho-notarial/tramites-notariales-frecuentes-honduras","tramites-notariales-frecuentes-honduras","derecho-notarial","false","KEEP","0","36","KEEP_INDEXABLE","No publicado; demanda potencial detectada → publicar con revisión"
"https://www.pinedayasociadoshn.com/blog/derecho-civil/servicios-legales-empresas-sur-honduras","servicios-legales-empresas-sur-honduras","derecho-civil","true","DATA_REQUIRED","0","0","INSUFFICIENT_TRAFFIC_HISTORY","Sin demanda GSC en 180d; NOINDEX_CANDIDATE solo con autorización"