slug,url,publication_status,final_classification,batch,action_required,review_date
"abogado-aduanero-san-lorenzo","https://www.pinedayasociadoshn.com/blog/derecho-aduanero/abogado-aduanero-san-lorenzo","published","APPROVED_TITLE_META_H1","4","false","2026-09-01"
"abogado-civil-choluteca","https://www.pinedayasociadoshn.com/blog/derecho-civil/abogado-civil-choluteca","published","APPROVED_TITLE_META","3","false","2026-09-01"
"abogado-empresas-san-lorenzo","https://www.pinedayasociadoshn.com/blog/derecho-mercantil/abogado-empresas-san-lorenzo","published","APPROVED_TITLE_META","8","false","2026-09-01"
"abogado-familia-choluteca","https://www.pinedayasociadoshn.com/blog/derecho-de-familia/abogado-familia-choluteca","published","APPROVED_TITLE_META","5","false","2026-09-01"
"abogado-laboral-choluteca","https://www.pinedayasociadoshn.com/blog/derecho-laboral/abogado-laboral-choluteca","published","APPROVED_TITLE_META","5","false","2026-09-01"
"abogado-penalista-choluteca","https://www.pinedayasociadoshn.com/blog/derecho-penal/abogado-penalista-choluteca","unpublished","UNPUBLISHED","-","false","2026-09-01"
"abogado-penalista-sur-honduras","https://www.pinedayasociadoshn.com/blog/derecho-penal/abogado-penalista-sur-honduras","published","APPROVED_TITLE_META","5","false","2026-09-01"
"abogados-en-amapala-valle","https://www.pinedayasociadoshn.com/blog/practica-legal/abogados-en-amapala-valle","unpublished","UNPUBLISHED","-","false","2026-09-01"
"abogados-en-choluteca","https://www.pinedayasociadoshn.com/blog/practica-legal/abogados-en-choluteca","unpublished","UNPUBLISHED","-","false","2026-09-01"
"abogados-en-marcovia-choluteca","https://www.pinedayasociadoshn.com/blog/practica-legal/abogados-en-marcovia-choluteca","unpublished","UNPUBLISHED","-","false","2026-09-01"
"abogados-en-nacaome","https://www.pinedayasociadoshn.com/blog/practica-legal/abogados-en-nacaome","unpublished","UNPUBLISHED","-","false","2026-09-01"
"abogados-en-pespire-choluteca","https://www.pinedayasociadoshn.com/blog/practica-legal/abogados-en-pespire-choluteca","unpublished","UNPUBLISHED","-","false","2026-09-01"
"abogados-en-san-lorenzo","https://www.pinedayasociadoshn.com/blog/practica-legal/abogados-en-san-lorenzo","unpublished","UNPUBLISHED","-","false","2026-09-01"
"abogados-en-san-marcos-de-colon-choluteca","https://www.pinedayasociadoshn.com/blog/practica-legal/abogados-en-san-marcos-de-colon-choluteca","unpublished","UNPUBLISHED","-","false","2026-09-01"
"accidente-transito-choluteca","https://www.pinedayasociadoshn.com/blog/derecho-civil/accidente-transito-choluteca","published","APPROVED_TITLE_META","2","false","2026-09-01"
"acoso-laboral-mobbing-honduras","https://www.pinedayasociadoshn.com/blog/derecho-laboral/acoso-laboral-mobbing-honduras","published","APPROVED_TITLE_META","4","false","2026-09-01"
"actualizacion-legislativa-mensual-honduras","https://www.pinedayasociadoshn.com/blog/noticias-legales/actualizacion-legislativa-mensual-honduras","unpublished","UNPUBLISHED","-","false","2026-09-01"
"adopcion-requisitos-proceso-honduras","https://www.pinedayasociadoshn.com/blog/derecho-de-familia/adopcion-requisitos-proceso-honduras","published","INSUFFICIENT_DATA","4","true","2026-09-01"
"allanamiento-ilegal-violacion-domicilio-honduras","https://www.pinedayasociadoshn.com/blog/derecho-penal/allanamiento-ilegal-violacion-domicilio-honduras","published","KEEP_NO_CHANGE","5","false","2026-09-01"
"antejuicio-en-honduras","https://www.pinedayasociadoshn.com/blog/derecho-penal/antejuicio-en-honduras","published","APPROVED_TITLE_META","3","false","2026-09-01"
"arbitraje-cuando-conviene-como-funciona-honduras","https://www.pinedayasociadoshn.com/blog/conciliacion-arbitraje/arbitraje-cuando-conviene-como-funciona-honduras","unpublished","UNPUBLISHED","-","false","2026-09-01"
"arbitraje-honduras-guia-completa","https://www.pinedayasociadoshn.com/blog/conciliacion-arbitraje/arbitraje-honduras-guia-completa","published","APPROVED_TITLE_META_H1","8","false","2026-09-01"
"arraigo-social-laboral-hondurenos-espana","https://www.pinedayasociadoshn.com/blog/hondurenos-en-espana/arraigo-social-laboral-hondurenos-espana","published","APPROVED_TITLE_META_H1","5","false","2026-09-01"
"asuntos-familiares-honduras-espana","https://www.pinedayasociadoshn.com/blog/hondurenos-en-espana/asuntos-familiares-honduras-espana","published","APPROVED_TITLE_META_H1","6","false","2026-09-01"
"audiencia-inicial-proceso-penal-honduras","https://www.pinedayasociadoshn.com/blog/derecho-penal/audiencia-inicial-proceso-penal-honduras","published","KEEP_NO_CHANGE","6","false","2026-09-01"
"banco-demanda-deuda-defensa-opciones-honduras","https://www.pinedayasociadoshn.com/blog/derecho-bancario/banco-demanda-deuda-defensa-opciones-honduras","published","APPROVED_TITLE_META_H1","8","false","2026-09-01"
"calcular-liquidacion-laboral-honduras","https://www.pinedayasociadoshn.com/blog/derecho-laboral/calcular-liquidacion-laboral-honduras","published","APPROVED_METADATA_ONLY","6","false","2026-09-01"
"calcular-prestaciones-laborales-honduras","https://www.pinedayasociadoshn.com/blog/derecho-laboral/calcular-prestaciones-laborales-honduras","unpublished","UNPUBLISHED","-","false","2026-09-01"
"central-riesgos-consultar-impugnar-honduras","https://www.pinedayasociadoshn.com/blog/derecho-bancario/central-riesgos-consultar-impugnar-honduras","unpublished","UNPUBLISHED","-","false","2026-09-01"
"central-riesgos-honduras-consultar-impugnar","https://www.pinedayasociadoshn.com/blog/derecho-bancario/central-riesgos-honduras-consultar-impugnar","published","APPROVED_TITLE_META","8","false","2026-09-01"
"centro-conciliacion-arbitraje-ccic","https://www.pinedayasociadoshn.com/blog/conciliacion-arbitraje/centro-conciliacion-arbitraje-ccic","published","APPROVED_TITLE_META","3","false","2026-09-01"
"clausulas-abusivas-contratos-como-detectar-honduras","https://www.pinedayasociadoshn.com/blog/derecho-civil/clausulas-abusivas-contratos-como-detectar-honduras","published","APPROVED_TITLE_META","4","false","2026-09-01"
"cobro-deudas-choluteca","https://www.pinedayasociadoshn.com/blog/derecho-civil/cobro-deudas-choluteca","published","APPROVED_TITLE_META","2","false","2026-09-01"
"codigo-aduanero-centroamericano","https://www.pinedayasociadoshn.com/blog/derecho-aduanero/codigo-aduanero-centroamericano","published","KEEP_NO_CHANGE","2","false","2026-09-01"
"como-elegir-abogado-honduras","https://www.pinedayasociadoshn.com/blog/practica-legal/como-elegir-abogado-honduras","published","APPROVED_METADATA_ONLY","7","false","2026-09-01"
"como-elegir-buen-abogado-guia-practica-honduras","https://www.pinedayasociadoshn.com/blog/practica-legal/como-elegir-buen-abogado-guia-practica-honduras","unpublished","UNPUBLISHED","-","false","2026-09-01"
"como-obtener-rtn-personas-empresas-honduras","https://www.pinedayasociadoshn.com/blog/practica-legal/como-obtener-rtn-personas-empresas-honduras","published","INSUFFICIENT_DATA","3","true","2026-09-01"
"como-preparar-demanda-guia-no-abogados-honduras","https://www.pinedayasociadoshn.com/blog/practica-legal/como-preparar-demanda-guia-no-abogados-honduras","published","APPROVED_TITLE_META_H1","9","false","2026-09-01"
"competencia-desleal-como-denunciar-honduras","https://www.pinedayasociadoshn.com/blog/derecho-mercantil/competencia-desleal-como-denunciar-honduras","published","APPROVED_TITLE_META","2","false","2026-09-01"
"compraventa-inmuebles-aspectos-legales-honduras","https://www.pinedayasociadoshn.com/blog/derecho-civil/compraventa-inmuebles-aspectos-legales-honduras","published","APPROVED_TITLE_META","9","false","2026-09-01"
"constitucion-empresas-honduras-pasos-legales","https://www.pinedayasociadoshn.com/blog/derecho-mercantil/constitucion-empresas-honduras-pasos-legales","unpublished","UNPUBLISHED","-","false","2026-09-01"
"constituir-empresa-guia-paso-a-paso-honduras","https://www.pinedayasociadoshn.com/blog/practica-legal/constituir-empresa-guia-paso-a-paso-honduras","published","APPROVED_TITLE_META","5","false","2026-09-01"
"contratacion-publica-licitaciones","https://www.pinedayasociadoshn.com/blog/derecho-administrativo/contratacion-publica-licitaciones","published","APPROVED_TITLE_META","1","false","2026-09-01"
"contratos-arrendamiento-derechos-obligaciones-honduras","https://www.pinedayasociadoshn.com/blog/derecho-civil/contratos-arrendamiento-derechos-obligaciones-honduras","published","APPROVED_METADATA_ONLY","2","false","2026-09-01"
"contratos-civiles-honduras-errores-comunes","https://www.pinedayasociadoshn.com/blog/derecho-civil/contratos-civiles-honduras-errores-comunes","unpublished","UNPUBLISHED","-","false","2026-09-01"
"contratos-confidencialidad-nda-secreto-comercial-honduras","https://www.pinedayasociadoshn.com/blog/propiedad-intelectual/contratos-confidencialidad-nda-secreto-comercial-honduras","published","APPROVED_TITLE_META","4","false","2026-09-01"
"contratos-empleadas-domesticas-obligaciones-honduras","https://www.pinedayasociadoshn.com/blog/derecho-laboral/contratos-empleadas-domesticas-obligaciones-honduras","published","APPROVED_TITLE_META","5","false","2026-09-01"
"contratos-franquicia-aspectos","https://www.pinedayasociadoshn.com/blog/derecho-mercantil/contratos-franquicia-aspectos","published","KEEP_NO_CHANGE","8","false","2026-09-01"
"contratos-mercantiles-esenciales-empresas-honduras","https://www.pinedayasociadoshn.com/blog/derecho-mercantil/contratos-mercantiles-esenciales-empresas-honduras","published","APPROVED_TITLE_META","2","false","2026-09-01"
"contratos-mercantiles-proteger-negocio","https://www.pinedayasociadoshn.com/blog/derecho-mercantil/contratos-mercantiles-proteger-negocio","unpublished","UNPUBLISHED","-","false","2026-09-01"
"contratos-trabajo-tipos-clausulas-honduras","https://www.pinedayasociadoshn.com/blog/derecho-laboral/contratos-trabajo-tipos-clausulas-honduras","published","APPROVED_TITLE_META","5","false","2026-09-01"
"costos-honorarios-abogados-como-funcionan-honduras","https://www.pinedayasociadoshn.com/blog/practica-legal/costos-honorarios-abogados-como-funcionan-honduras","published","APPROVED_TITLE_META","8","false","2026-09-01"
"creditos-reestructuracion-deudas","https://www.pinedayasociadoshn.com/blog/derecho-bancario/creditos-reestructuracion-deudas","published","APPROVED_TITLE_META","7","false","2026-09-01"
"cuando-necesito-abogado-penalista-honduras","https://www.pinedayasociadoshn.com/blog/derecho-penal/cuando-necesito-abogado-penalista-honduras","published","KEEP_NO_CHANGE","1","false","2026-09-01"
"cuando-prescribe-delito-en-honduras","https://www.pinedayasociadoshn.com/blog/derecho-penal/cuando-prescribe-delito-en-honduras","published","KEEP_NO_CHANGE","2","false","2026-09-01"
"custodia-hijos-honduras-juez","https://www.pinedayasociadoshn.com/blog/derecho-de-familia/custodia-hijos-honduras-juez","published","APPROVED_TITLE_META_H1","1","false","2026-09-01"
"danos-perjuicios-indemnizacion-honduras","https://www.pinedayasociadoshn.com/blog/derecho-civil/danos-perjuicios-indemnizacion-honduras","published","KEEP_NO_CHANGE","3","false","2026-09-01"
"defensa-penal-honduras","https://www.pinedayasociadoshn.com/blog/derecho-penal/defensa-penal-honduras","published","INSUFFICIENT_DATA","4","true","2026-09-01"
"defensa-penal-menores-edad-honduras","https://www.pinedayasociadoshn.com/blog/derecho-penal/defensa-penal-menores-edad-honduras","published","APPROVED_TITLE_META_H1","1","false","2026-09-01"
"defensa-sar-choluteca","https://www.pinedayasociadoshn.com/blog/tributario/defensa-sar-choluteca","published","APPROVED_TITLE_META","7","false","2026-09-01"
"delitos-ambientales-como-denunciarlos-honduras","https://www.pinedayasociadoshn.com/blog/derecho-ambiental/delitos-ambientales-como-denunciarlos-honduras","published","APPROVED_TITLE_META","8","false","2026-09-01"
"delitos-mas-comunes-honduras","https://www.pinedayasociadoshn.com/blog/derecho-penal/delitos-mas-comunes-honduras","published","APPROVED_TITLE_META_H1","6","false","2026-09-01"
"demanda-laboral-choluteca","https://www.pinedayasociadoshn.com/blog/derecho-laboral/demanda-laboral-choluteca","published","APPROVED_TITLE_META","6","false","2026-09-01"
"derecho-ambiental-honduras","https://www.pinedayasociadoshn.com/blog/derecho-ambiental/derecho-ambiental-honduras","published","APPROVED_TITLE_META","8","false","2026-09-01"
"derecho-de-peticion-instituciones-honduras","https://www.pinedayasociadoshn.com/blog/derechos-ciudadanos/derecho-de-peticion-instituciones-honduras","published","APPROVED_TITLE_META_H1","1","false","2026-09-01"
"derechos-consumidor-financiero-cnbs-honduras","https://www.pinedayasociadoshn.com/blog/derecho-bancario/derechos-consumidor-financiero-cnbs-honduras","unpublished","UNPUBLISHED","-","false","2026-09-01"
"derechos-consumidor-financiero-honduras-cnbs","https://www.pinedayasociadoshn.com/blog/derecho-bancario/derechos-consumidor-financiero-honduras-cnbs","published","APPROVED_TITLE_META","3","false","2026-09-01"
"derechos-de-autor-proteccion-registro-honduras","https://www.pinedayasociadoshn.com/blog/propiedad-intelectual/derechos-de-autor-proteccion-registro-honduras","published","APPROVED_METADATA_ONLY","7","false","2026-09-01"
"derechos-del-detenido-guia-constitucional-honduras","https://www.pinedayasociadoshn.com/blog/derechos-ciudadanos/derechos-del-detenido-guia-constitucional-honduras","unpublished","UNPUBLISHED","-","false","2026-09-01"
"derechos-detenido-honduras-guia-constitucional","https://www.pinedayasociadoshn.com/blog/derecho-penal/derechos-detenido-honduras-guia-constitucional","published","KEEP_NO_CHANGE","5","false","2026-09-01"
"derechos-indigenas-consulta-previa-honduras","https://www.pinedayasociadoshn.com/blog/derecho-ambiental/derechos-indigenas-consulta-previa-honduras","published","APPROVED_TITLE_META_H1","4","false","2026-09-01"
"derechos-laborales-basicos-honduras","https://www.pinedayasociadoshn.com/blog/derecho-laboral/derechos-laborales-basicos-honduras","published","APPROVED_TITLE_META","6","false","2026-09-01"
"derechos-trabajadora-embarazada-honduras","https://www.pinedayasociadoshn.com/blog/derecho-laboral/derechos-trabajadora-embarazada-honduras","published","APPROVED_TITLE_META_H1","1","false","2026-09-01"
"despido-empleados-publicos-honduras","https://www.pinedayasociadoshn.com/blog/derecho-administrativo/despido-empleados-publicos-honduras","published","APPROVED_TITLE_META","9","false","2026-09-01"
"despido-empleados-publicos-procedencia-defensa-honduras","https://www.pinedayasociadoshn.com/blog/derecho-administrativo/despido-empleados-publicos-procedencia-defensa-honduras","unpublished","UNPUBLISHED","-","false","2026-09-01"
"despido-injustificado-honduras-derechos-trabajador","https://www.pinedayasociadoshn.com/blog/derecho-laboral/despido-injustificado-honduras-derechos-trabajador","unpublished","UNPUBLISHED","-","false","2026-09-01"
"despido-laboral-honduras-derechos","https://www.pinedayasociadoshn.com/blog/derecho-laboral/despido-laboral-honduras-derechos","unpublished","UNPUBLISHED","-","false","2026-09-01"
"despido-laboral-honduras-guia-completa","https://www.pinedayasociadoshn.com/blog/derecho-laboral/despido-laboral-honduras-guia-completa","published","KEEP_NO_CHANGE","1","false","2026-09-01"
"devolucion-impuestos-como-solicitarla-honduras","https://www.pinedayasociadoshn.com/blog/tributario/devolucion-impuestos-como-solicitarla-honduras","published","APPROVED_TITLE_META","6","false","2026-09-01"
"diferencia-denuncia-querella-acusacion-honduras","https://www.pinedayasociadoshn.com/blog/derecho-penal/diferencia-denuncia-querella-acusacion-honduras","published","APPROVED_TITLE_META","2","false","2026-09-01"
"divorcio-choluteca","https://www.pinedayasociadoshn.com/blog/derecho-de-familia/divorcio-choluteca","published","APPROVED_TITLE_META","6","false","2026-09-01"
"divorcio-express-mutuo-acuerdo-honduras","https://www.pinedayasociadoshn.com/blog/derecho-de-familia/divorcio-express-mutuo-acuerdo-honduras","unpublished","UNPUBLISHED","-","false","2026-09-01"
"divorcio-honduras-guia-completa","https://www.pinedayasociadoshn.com/blog/derecho-de-familia/divorcio-honduras-guia-completa","published","KEEP_NO_CHANGE","1","false","2026-09-01"
"divorcio-honduras-pasos-requisitos","https://www.pinedayasociadoshn.com/blog/derecho-de-familia/divorcio-honduras-pasos-requisitos","unpublished","UNPUBLISHED","-","false","2026-09-01"
"divorcio-tipos-requisitos-tiempos-honduras","https://www.pinedayasociadoshn.com/blog/derecho-de-familia/divorcio-tipos-requisitos-tiempos-honduras","unpublished","UNPUBLISHED","-","false","2026-09-01"
"ejecucion-hipotecaria-honduras-que-hacer","https://www.pinedayasociadoshn.com/blog/derecho-bancario/ejecucion-hipotecaria-honduras-que-hacer","published","APPROVED_TITLE_META","4","false","2026-09-01"
"ejecucion-hipotecaria-que-hacer-honduras","https://www.pinedayasociadoshn.com/blog/derecho-bancario/ejecucion-hipotecaria-que-hacer-honduras","unpublished","UNPUBLISHED","-","false","2026-09-01"
"elegir-bufete-abogados-nacaome","https://www.pinedayasociadoshn.com/blog/practica-legal/elegir-bufete-abogados-nacaome","unpublished","UNPUBLISHED","-","false","2026-09-01"
"elegir-bufete-multidisciplinario-ventajas-honduras","https://www.pinedayasociadoshn.com/blog/practica-legal/elegir-bufete-multidisciplinario-ventajas-honduras","unpublished","UNPUBLISHED","-","false","2026-09-01"
"elegir-tipo-sociedad-empresa-honduras","https://www.pinedayasociadoshn.com/blog/derecho-mercantil/elegir-tipo-sociedad-empresa-honduras","unpublished","UNPUBLISHED","-","false","2026-09-01"
"empleador-no-paga-salario-honduras","https://www.pinedayasociadoshn.com/blog/derecho-laboral/empleador-no-paga-salario-honduras","published","APPROVED_TITLE_META_H1","1","false","2026-09-01"
"errores-contratos-civiles-honduras","https://www.pinedayasociadoshn.com/blog/derecho-civil/errores-contratos-civiles-honduras","published","INSUFFICIENT_DATA","4","true","2026-09-01"
"estafas-fraudes-tipos-penales-honduras","https://www.pinedayasociadoshn.com/blog/derecho-penal/estafas-fraudes-tipos-penales-honduras","published","APPROVED_TITLE_META_H1","1","false","2026-09-01"
"etapa-investigacion-proceso-penal-honduras","https://www.pinedayasociadoshn.com/blog/proceso-penal/etapa-investigacion-proceso-penal-honduras","published","APPROVED_TITLE_META","3","false","2026-09-01"
"evaluacion-impacto-ambiental-honduras","https://www.pinedayasociadoshn.com/blog/derecho-ambiental/evaluacion-impacto-ambiental-honduras","published","APPROVED_TITLE_META","8","false","2026-09-01"
"evaluacion-impacto-ambiental-paso-a-paso-honduras","https://www.pinedayasociadoshn.com/blog/derecho-ambiental/evaluacion-impacto-ambiental-paso-a-paso-honduras","unpublished","UNPUBLISHED","-","false","2026-09-01"
"expropiacion-forzosa-derechos-propietario-honduras","https://www.pinedayasociadoshn.com/blog/derecho-administrativo/expropiacion-forzosa-derechos-propietario-honduras","published","APPROVED_TITLE_META","1","false","2026-09-01"
"facturacion-electronica-requisitos-sar","https://www.pinedayasociadoshn.com/blog/tributario/facturacion-electronica-requisitos-sar","published","KEEP_NO_CHANGE","8","false","2026-09-01"
"fianza-medidas-cautelares-proceso-penal-honduras","https://www.pinedayasociadoshn.com/blog/derecho-penal/fianza-medidas-cautelares-proceso-penal-honduras","published","KEEP_NO_CHANGE","2","false","2026-09-01"
"guarda-custodia-menores-tipos-honduras","https://www.pinedayasociadoshn.com/blog/derecho-de-familia/guarda-custodia-menores-tipos-honduras","unpublished","UNPUBLISHED","-","false","2026-09-01"
"guia-aduanera-importaciones-honduras","https://www.pinedayasociadoshn.com/blog/derecho-aduanero/guia-aduanera-importaciones-honduras","published","KEEP_NO_CHANGE","8","false","2026-09-01"
"habeas-corpus-cuando-interponer-honduras","https://www.pinedayasociadoshn.com/blog/proceso-penal/habeas-corpus-cuando-interponer-honduras","published","APPROVED_TITLE_META_H1","1","false","2026-09-01"
"habilitacion-clinicas-hospitales","https://www.pinedayasociadoshn.com/blog/regulacion-sanitaria/habilitacion-clinicas-hospitales","published","APPROVED_TITLE_META_H1","7","false","2026-09-01"
"herencias-honduras-fallece-familiar","https://www.pinedayasociadoshn.com/blog/derecho-civil/herencias-honduras-fallece-familiar","unpublished","UNPUBLISHED","-","false","2026-09-01"
"herencias-transfronterizas-bienes","https://www.pinedayasociadoshn.com/blog/hondurenos-en-espana/herencias-transfronterizas-bienes","published","KEEP_NO_CHANGE","5","false","2026-09-01"
"hondurenos-en-espana-guia-legal-completa","https://www.pinedayasociadoshn.com/blog/hondurenos-en-espana/hondurenos-en-espana-guia-legal-completa","unpublished","UNPUBLISHED","-","false","2026-09-01"
"hondurenos-espana-documentos","https://www.pinedayasociadoshn.com/blog/hondurenos-en-espana/hondurenos-espana-documentos","published","APPROVED_METADATA_ONLY","6","false","2026-09-01"
"importaciones-san-lorenzo","https://www.pinedayasociadoshn.com/blog/derecho-aduanero/importaciones-san-lorenzo","published","APPROVED_TITLE_META","3","false","2026-09-01"
"importar-china-guia-aduanera","https://www.pinedayasociadoshn.com/blog/derecho-aduanero/importar-china-guia-aduanera","published","APPROVED_TITLE_META_H1","9","false","2026-09-01"
"importar-mercancias-guia-aduanera","https://www.pinedayasociadoshn.com/blog/derecho-aduanero/importar-mercancias-guia-aduanera","published","APPROVED_TITLE_META_H1","8","false","2026-09-01"
"impuesto-renta-guia-personas-fisicas-honduras","https://www.pinedayasociadoshn.com/blog/tributario/impuesto-renta-guia-personas-fisicas-honduras","unpublished","UNPUBLISHED","-","false","2026-09-01"
"impuesto-renta-personas-fisicas-honduras","https://www.pinedayasociadoshn.com/blog/tributario/impuesto-renta-personas-fisicas-honduras","published","APPROVED_TITLE_META","8","false","2026-09-01"
"impuestos-pequenas-empresas-guia-basica-honduras","https://www.pinedayasociadoshn.com/blog/tributario/impuestos-pequenas-empresas-guia-basica-honduras","published","APPROVED_TITLE_META","7","false","2026-09-01"
"incumplimiento-contrato-comercial-honduras","https://www.pinedayasociadoshn.com/blog/derecho-mercantil/incumplimiento-contrato-comercial-honduras","published","APPROVED_TITLE_META","3","false","2026-09-01"
"isv-impuesto-venta-tasas-obligaciones-honduras","https://www.pinedayasociadoshn.com/blog/tributario/isv-impuesto-venta-tasas-obligaciones-honduras","published","APPROVED_TITLE_META_H1","7","false","2026-09-01"
"jornada-laboral-horas-extra-descansos-honduras","https://www.pinedayasociadoshn.com/blog/derecho-laboral/jornada-laboral-horas-extra-descansos-honduras","published","KEEP_NO_CHANGE","6","false","2026-09-01"
"juicio-oral-etapas-que-esperar-honduras","https://www.pinedayasociadoshn.com/blog/proceso-penal/juicio-oral-etapas-que-esperar-honduras","published","APPROVED_METADATA_ONLY","1","false","2026-09-01"
"lavado-activos-obligaciones","https://www.pinedayasociadoshn.com/blog/practica-legal/lavado-activos-obligaciones","published","KEEP_NO_CHANGE","8","false","2026-09-01"
"libertad-expresion-redes-sociales-honduras","https://www.pinedayasociadoshn.com/blog/derechos-ciudadanos/libertad-expresion-redes-sociales-honduras","published","INSUFFICIENT_DATA","4","true","2026-09-01"
"licencia-ambiental-categorias-plazos-honduras","https://www.pinedayasociadoshn.com/blog/derecho-ambiental/licencia-ambiental-categorias-plazos-honduras","published","APPROVED_TITLE_META_H1","1","false","2026-09-01"
"mediacion-familiar-cuando-funciona-honduras","https://www.pinedayasociadoshn.com/blog/conciliacion-arbitraje/mediacion-familiar-cuando-funciona-honduras","published","APPROVED_METADATA_ONLY","7","false","2026-09-01"
"mediacion-vs-juicio-cual-elegir","https://www.pinedayasociadoshn.com/blog/conciliacion-arbitraje/mediacion-vs-juicio-cual-elegir","published","APPROVED_TITLE_META","7","false","2026-09-01"
"medidas-sustitutivas-prision-preventiva-honduras","https://www.pinedayasociadoshn.com/blog/derecho-penal/medidas-sustitutivas-prision-preventiva-honduras","published","APPROVED_TITLE_META","6","false","2026-09-01"
"nacionalidad-espanola-para-hondurenos-residencia-plazos","https://www.pinedayasociadoshn.com/blog/hondurenos-en-espana/nacionalidad-espanola-para-hondurenos-residencia-plazos","published","APPROVED_TITLE_META","1","false","2026-09-01"
"naturalizacion-nacionalidad-hondurena","https://www.pinedayasociadoshn.com/blog/extranjeria-migracion/naturalizacion-nacionalidad-hondurena","published","APPROVED_TITLE_META_H1","2","false","2026-09-01"
"patentes-requisitos-proceso-solicitud-honduras","https://www.pinedayasociadoshn.com/blog/propiedad-intelectual/patentes-requisitos-proceso-solicitud-honduras","published","APPROVED_TITLE_META","8","false","2026-09-01"
"pension-alimenticia-calcular-reclamar-honduras","https://www.pinedayasociadoshn.com/blog/derecho-de-familia/pension-alimenticia-calcular-reclamar-honduras","unpublished","UNPUBLISHED","-","false","2026-09-01"
"pension-alimenticia-choluteca","https://www.pinedayasociadoshn.com/blog/derecho-de-familia/pension-alimenticia-choluteca","published","APPROVED_TITLE_META","5","false","2026-09-01"
"pension-alimenticia-honduras-como-solicitarla","https://www.pinedayasociadoshn.com/blog/derecho-de-familia/pension-alimenticia-honduras-como-solicitarla","unpublished","UNPUBLISHED","-","false","2026-09-01"
"pension-alimenticia-honduras-guia-completa","https://www.pinedayasociadoshn.com/blog/derecho-de-familia/pension-alimenticia-honduras-guia-completa","published","KEEP_NO_CHANGE","1","false","2026-09-01"
"pension-alimenticia-porcentaje-honduras-2026","https://www.pinedayasociadoshn.com/blog/derecho-de-familia/pension-alimenticia-porcentaje-honduras-2026","published","APPROVED_METADATA_ONLY","3","false","2026-09-01"
"permiso-trabajo-extranjeros-honduras","https://www.pinedayasociadoshn.com/blog/extranjeria-migracion/permiso-trabajo-extranjeros-honduras","published","APPROVED_TITLE_META","9","false","2026-09-01"
"pineda-asociados-bufete-multidisciplinario-honduras","https://www.pinedayasociadoshn.com/blog/practica-legal/pineda-asociados-bufete-multidisciplinario-honduras","published","APPROVED_TITLE_META","7","false","2026-09-01"
"poder-desde-espana-para-tramites-honduras","https://www.pinedayasociadoshn.com/blog/hondurenos-en-espana/poder-desde-espana-para-tramites-honduras","published","APPROVED_TITLE_META_H1","6","false","2026-09-01"
"poder-legal-honduras-cuando-se-necesita","https://www.pinedayasociadoshn.com/blog/derecho-notarial/poder-legal-honduras-cuando-se-necesita","published","KEEP_NO_CHANGE","1","false","2026-09-01"
"poder-notarial-honduras-tipos-requisitos","https://www.pinedayasociadoshn.com/blog/derecho-notarial/poder-notarial-honduras-tipos-requisitos","published","APPROVED_TITLE_META","5","false","2026-09-01"
"preguntas-frecuentes-antes-contratar-abogado-honduras","https://www.pinedayasociadoshn.com/blog/practica-legal/preguntas-frecuentes-antes-contratar-abogado-honduras","published","INSUFFICIENT_DATA","4","true","2026-09-01"
"prescripcion-deudas-plazos-honduras","https://www.pinedayasociadoshn.com/blog/derecho-civil/prescripcion-deudas-plazos-honduras","published","APPROVED_TITLE_META","3","false","2026-09-01"
"presentar-denuncia-conadeh-honduras","https://www.pinedayasociadoshn.com/blog/derechos-ciudadanos/presentar-denuncia-conadeh-honduras","published","APPROVED_TITLE_META_H1","4","false","2026-09-01"
"problemas-legales-familiares-honduras","https://www.pinedayasociadoshn.com/blog/derecho-de-familia/problemas-legales-familiares-honduras","unpublished","UNPUBLISHED","-","false","2026-09-01"
"proceso-consulta-legal-pineda","https://www.pinedayasociadoshn.com/blog/practica-legal/proceso-consulta-legal-pineda","published","APPROVED_TITLE_META_H1","9","false","2026-09-01"
"proteccion-datos-personales-derechos-arco-honduras","https://www.pinedayasociadoshn.com/blog/derechos-ciudadanos/proteccion-datos-personales-derechos-arco-honduras","published","KEEP_NO_CHANGE","3","false","2026-09-01"
"proteccion-marcas-competencia-desleal","https://www.pinedayasociadoshn.com/blog/propiedad-intelectual/proteccion-marcas-competencia-desleal","published","APPROVED_METADATA_ONLY","7","false","2026-09-01"
"que-hacer-si-me-detienen-en-honduras","https://www.pinedayasociadoshn.com/blog/derecho-penal/que-hacer-si-me-detienen-en-honduras","published","APPROVED_TITLE_META_H1","2","false","2026-09-01"
"reagrupacion-familiar-hondurenos-espana","https://www.pinedayasociadoshn.com/blog/hondurenos-en-espana/reagrupacion-familiar-hondurenos-espana","published","APPROVED_METADATA_ONLY","6","false","2026-09-01"
"reclamar-deuda-legalmente-honduras","https://www.pinedayasociadoshn.com/blog/derecho-civil/reclamar-deuda-legalmente-honduras","published","APPROVED_TITLE_META","1","false","2026-09-01"
"recurso-de-amparo-honduras-guia-completa","https://www.pinedayasociadoshn.com/blog/derecho-administrativo/recurso-de-amparo-honduras-guia-completa","published","APPROVED_TITLE_META_H1","4","false","2026-09-01"
"recurso-de-amparo-para-que-sirve-honduras","https://www.pinedayasociadoshn.com/blog/derecho-administrativo/recurso-de-amparo-para-que-sirve-honduras","unpublished","UNPUBLISHED","-","false","2026-09-01"
"recursos-sentencia-penal-apelacion-casacion-honduras","https://www.pinedayasociadoshn.com/blog/proceso-penal/recursos-sentencia-penal-apelacion-casacion-honduras","published","APPROVED_TITLE_META","3","false","2026-09-01"
"reformas-legales-recientes-honduras","https://www.pinedayasociadoshn.com/blog/noticias-legales/reformas-legales-recientes-honduras","published","APPROVED_TITLE_META_H1","3","false","2026-09-01"
"refugio-asilo-solicitarlo","https://www.pinedayasociadoshn.com/blog/extranjeria-migracion/refugio-asilo-solicitarlo","published","APPROVED_TITLE_META","7","false","2026-09-01"
"registrar-marca-honduras-paso-a-paso","https://www.pinedayasociadoshn.com/blog/propiedad-intelectual/registrar-marca-honduras-paso-a-paso","published","APPROVED_TITLE_META","9","false","2026-09-01"
"registrar-marca-paso-a-paso-honduras","https://www.pinedayasociadoshn.com/blog/propiedad-intelectual/registrar-marca-paso-a-paso-honduras","unpublished","UNPUBLISHED","-","false","2026-09-01"
"registro-medicamentos-productos-farmaceuticos-honduras","https://www.pinedayasociadoshn.com/blog/regulacion-sanitaria/registro-medicamentos-productos-farmaceuticos-honduras","published","APPROVED_TITLE_META","2","false","2026-09-01"
"registro-sanitario-alimentos-arsa-paso-a-paso-honduras","https://www.pinedayasociadoshn.com/blog/regulacion-sanitaria/registro-sanitario-alimentos-arsa-paso-a-paso-honduras","published","APPROVED_METADATA_ONLY","2","false","2026-09-01"
"residencia-temporal-requisitos-plazos-honduras","https://www.pinedayasociadoshn.com/blog/extranjeria-migracion/residencia-temporal-requisitos-plazos-honduras","published","APPROVED_TITLE_META","4","false","2026-09-01"
"responsabilidad-medica-mala-praxis-honduras","https://www.pinedayasociadoshn.com/blog/regulacion-sanitaria/responsabilidad-medica-mala-praxis-honduras","published","APPROVED_TITLE_META_H1","5","false","2026-09-01"
"riesgos-profesionales-accidentes","https://www.pinedayasociadoshn.com/blog/derecho-laboral/riesgos-profesionales-accidentes","published","APPROVED_METADATA_ONLY","6","false","2026-09-01"
"sanciones-administrativas-como-defenderse-honduras","https://www.pinedayasociadoshn.com/blog/derecho-administrativo/sanciones-administrativas-como-defenderse-honduras","published","APPROVED_TITLE_META","9","false","2026-09-01"
"sar-notifica-fiscalizacion-que-hacer-honduras","https://www.pinedayasociadoshn.com/blog/tributario/sar-notifica-fiscalizacion-que-hacer-honduras","published","APPROVED_TITLE_META","2","false","2026-09-01"
"servicios-legales-empresas-sur-honduras","https://www.pinedayasociadoshn.com/blog/derecho-civil/servicios-legales-empresas-sur-honduras","published","APPROVED_TITLE_META_H1","9","false","2026-09-01"
"sobreseimiento-definitivo-provisional","https://www.pinedayasociadoshn.com/blog/proceso-penal/sobreseimiento-definitivo-provisional","published","KEEP_NO_CHANGE","5","false","2026-09-01"
"tarjetas-credito-intereses-cargos-defensa-honduras","https://www.pinedayasociadoshn.com/blog/derecho-bancario/tarjetas-credito-intereses-cargos-defensa-honduras","published","APPROVED_TITLE_META","7","false","2026-09-01"
"testamentos-sucesiones-herencia-honduras","https://www.pinedayasociadoshn.com/blog/derecho-civil/testamentos-sucesiones-herencia-honduras","published","APPROVED_TITLE_META","3","false","2026-09-01"
"tipos-sociedad-mercantil-honduras","https://www.pinedayasociadoshn.com/blog/derecho-mercantil/tipos-sociedad-mercantil-honduras","published","INSUFFICIENT_DATA","2","true","2026-09-01"
"titulos-valores-cheques-sin-fondo-honduras","https://www.pinedayasociadoshn.com/blog/derecho-mercantil/titulos-valores-cheques-sin-fondo-honduras","published","APPROVED_TITLE_META","7","false","2026-09-01"
"tramites-legales-nacaome","https://www.pinedayasociadoshn.com/blog/practica-legal/tramites-legales-nacaome","published","APPROVED_TITLE_META","9","false","2026-09-01"
"tramites-notariales-frecuentes-honduras","https://www.pinedayasociadoshn.com/blog/derecho-notarial/tramites-notariales-frecuentes-honduras","unpublished","UNPUBLISHED","-","false","2026-09-01"
"tributar-espana-bienes-guia","https://www.pinedayasociadoshn.com/blog/hondurenos-en-espana/tributar-espana-bienes-guia","published","KEEP_NO_CHANGE","5","false","2026-09-01"
"union-de-hecho-requisitos-derechos-honduras","https://www.pinedayasociadoshn.com/blog/derecho-de-familia/union-de-hecho-requisitos-derechos-honduras","published","KEEP_NO_CHANGE","6","false","2026-09-01"
"usucapion-prescripcion-adquisitiva-honduras","https://www.pinedayasociadoshn.com/blog/derecho-civil/usucapion-prescripcion-adquisitiva-honduras","published","KEEP_NO_CHANGE","9","false","2026-09-01"
"violencia-domestica-ruta-legal-honduras","https://www.pinedayasociadoshn.com/blog/derecho-penal/violencia-domestica-ruta-legal-honduras","published","INSUFFICIENT_DATA","4","true","2026-09-01"
"violencia-intrafamiliar-denuncia-proteccion-honduras","https://www.pinedayasociadoshn.com/blog/derecho-de-familia/violencia-intrafamiliar-denuncia-proteccion-honduras","unpublished","UNPUBLISHED","-","false","2026-09-01"
"visas-inversion-rentista-pensionado","https://www.pinedayasociadoshn.com/blog/extranjeria-migracion/visas-inversion-rentista-pensionado","published","APPROVED_TITLE_META_H1","9","false","2026-09-01"
"zonas-libres-zoli-beneficios-fiscales-honduras","https://www.pinedayasociadoshn.com/blog/derecho-aduanero/zonas-libres-zoli-beneficios-fiscales-honduras","published","APPROVED_METADATA_ONLY","7","false","2026-09-01"
