url,motivo,prioridad
https://www.pinedayasociadoshn.com/abogado-penalista-choluteca,URL final del redirect del slug despublicado abogado-penalista-choluteca,alta
https://www.pinedayasociadoshn.com/blog/derecho-laboral/despido-laboral-honduras-guia-completa,URL final consolidada de 3 slugs laborales despublicados,alta
https://www.pinedayasociadoshn.com/blog/derecho-laboral/calcular-liquidacion-laboral-honduras,URL final consolidada de calcular-prestaciones-laborales,alta
https://www.pinedayasociadoshn.com/blog/derecho-notarial/poder-legal-honduras-cuando-se-necesita,URL final consolidada de tramites-notariales-frecuentes,alta
https://www.pinedayasociadoshn.com/blog/practica-legal/como-elegir-abogado-honduras,URL final consolidada de 2 slugs elegir-bufete,alta
https://www.pinedayasociadoshn.com/hondurenos-en-espana,2 enlaces 4xx corregidos en esta pagina,media
https://www.pinedayasociadoshn.com/blog/derecho-bancario/banco-demanda-deuda-defensa-opciones-honduras,h1 duplicado corregido,media
https://www.pinedayasociadoshn.com/blog/practica-legal/como-preparar-demanda-guia-no-abogados-honduras,h1 duplicado corregido,media
https://www.pinedayasociadoshn.com/blog/regulacion-sanitaria/habilitacion-clinicas-hospitales,h1 duplicado corregido,media
