source_path,source_status,target_path,target_status,anchor,link_type,is_source_canonical,is_source_noindex,is_self
/blog/derecho-penal/defensa-penal-honduras,200,/blog/derecho-notarial/tramites-notariales-frecuentes-honduras,308,SiguienteTrámites notariales en Honduras,Href link,true,false,false
/blog/derecho-laboral/jornada-laboral-horas-extra-descansos-honduras,200,/blog/derecho-laboral/calcular-prestaciones-laborales-honduras,308,Calcula tus prestaciones laborales en Honduras Derecho LaboralCalcula tus prestaciones laborales en Honduras 27 de abril de 2026,Href link,true,false,false
/blog?page=3,200,/blog/derecho-laboral/empleador-no-paga-salario-honduras,308,"¿Qué hacer si mi empleador no me paga en Derecho Laboral¿Qué hacer si mi empleador no me paga enPasos legales para reclamar salarios impagos en Honduras. Derechos del trabajador, vías administrativas y judiciales disponibles. 1 may 2026",Href link,false,true,false
/abogado-laboralista-nacaome,200,/blog/derecho-laboral/empleador-no-paga-salario-honduras,308,,Href link,true,false,false
/blog/proceso-penal/juicio-oral-etapas-que-esperar-honduras,200,/blog/practica-legal/elegir-bufete-abogados-nacaome,308,SiguienteElegir bufete abogados Nacaome: guía práctica,Href link,true,false,false
/blog/derecho-laboral/contratos-empleadas-domesticas-obligaciones-honduras,200,/blog/derecho-laboral/calcular-prestaciones-laborales-honduras,308,Calcula tus prestaciones laborales en Honduras Derecho LaboralCalcula tus prestaciones laborales en Honduras 27 de abril de 2026,Href link,true,false,false
/blog/derecho-laboral/demanda-laboral-choluteca,200,/blog/derecho-laboral/despido-laboral-honduras-derechos,308,Despido laboral en Honduras: derechos y cómo Derecho LaboralDespido laboral en Honduras: derechos y cómo 20 de abril de 2026,Href link,true,false,false
/blog/derecho-penal/defensa-penal-menores-edad-honduras,200,/blog/derecho-penal/abogado-penalista-choluteca,308,Abogado Penalista en Choluteca Derecho PenalAbogado Penalista en Choluteca 24 de mayo de 2026,Href link,true,false,false
/blog/derecho-laboral/abogado-laboral-choluteca,200,/blog/derecho-laboral/empleador-no-paga-salario-honduras,308,¿Qué hacer si mi empleador no me paga en Derecho Laboral¿Qué hacer si mi empleador no me paga en 1 de mayo de 2026,Href link,true,false,false
/derecho-penal/estrategia-penal-y-litigio,200,/blog/derecho-penal/abogado-penalista-choluteca,308,,Href link,true,false,false
/blog/derecho-penal/abogado-penalista-sur-honduras,200,/blog/derecho-penal/abogado-penalista-choluteca,308,Abogado Penalista en Choluteca Derecho PenalAbogado Penalista en Choluteca 24 de mayo de 2026,Href link,true,false,false
/blog?tag=escritura%20p%C3%BAblica,200,/blog/derecho-notarial/tramites-notariales-frecuentes-honduras,308,"Trámites notariales en Honduras Derecho NotarialTrámites notariales en HondurasPoderes, escrituras, actas notariales, auténticas y otros trámites notariales comunes en Honduras. Guía práctica con requisitos principales. 12 dic 2025",Href link,true,true,false
/derecho-penal/menores-justicia-juvenil,200,/blog/derecho-penal/abogado-penalista-choluteca,308,,Href link,true,false,false
/blog?tag=derechos%20del%20trabajador,200,/blog/derecho-laboral/calcular-prestaciones-laborales-honduras,308,"Calcula tus prestaciones laborales en Honduras Derecho LaboralCalcula tus prestaciones laborales en HondurasGuía práctica para entender y calcular prestaciones laborales en Honduras: aguinaldo, décimo tercer mes, vacaciones, indemnización y más. 27 abr 2026",Href link,true,true,false
/blog/derecho-laboral,200,/blog/derecho-laboral/empleador-no-paga-salario-honduras,308,"¿Qué hacer si mi empleador no me paga en Derecho Laboral¿Qué hacer si mi empleador no me paga enPasos legales para reclamar salarios impagos en Honduras. Derechos del trabajador, vías administrativas y judiciales disponibles. 1 may 2026",Href link,true,false,false
/abogado-laboralista-nacaome,200,/blog/derecho-laboral/despido-injustificado-honduras-derechos-trabajador,308,,Href link,true,false,false
/blog/derecho-penal/violencia-domestica-ruta-legal-honduras,200,/blog/derecho-penal/abogado-penalista-choluteca,308,Abogado Penalista en Choluteca Derecho PenalAbogado Penalista en Choluteca 24 de mayo de 2026,Href link,true,false,false
/blog/derecho-penal,200,/blog/derecho-penal/abogado-penalista-choluteca,308,"Abogado Penalista en Choluteca Derecho PenalAbogado Penalista en CholutecaDefensa penal en Choluteca con presencia local en los juzgados de la zona sur. Audiencia inicial, medidas cautelares, apelaciones. Atención 24/7 para detenidos. 24 may 2026",Href link,true,false,false
/blog/derecho-laboral/derechos-trabajadora-embarazada-honduras,200,/blog/derecho-laboral/empleador-no-paga-salario-honduras,308,¿Qué hacer si mi empleador no me paga en Derecho Laboral¿Qué hacer si mi empleador no me paga en 1 de mayo de 2026,Href link,true,false,false
/blog/derecho-laboral/riesgos-profesionales-accidentes,200,/blog/derecho-laboral/empleador-no-paga-salario-honduras,308,¿Qué hacer si mi empleador no me paga en Derecho Laboral¿Qué hacer si mi empleador no me paga en 1 de mayo de 2026,Href link,true,false,false
/blog?tag=Choluteca,200,/blog/derecho-penal/abogado-penalista-choluteca,308,"Abogado Penalista en Choluteca Derecho PenalAbogado Penalista en CholutecaDefensa penal en Choluteca con presencia local en los juzgados de la zona sur. Audiencia inicial, medidas cautelares, apelaciones. Atención 24/7 para detenidos. 24 may 2026",Href link,true,true,false
/blog/derecho-laboral/acoso-laboral-mobbing-honduras,200,/blog/derecho-laboral/empleador-no-paga-salario-honduras,308,¿Qué hacer si mi empleador no me paga en Derecho Laboral¿Qué hacer si mi empleador no me paga en 1 de mayo de 2026,Href link,true,false,false
/abogados-en-choluteca,200,/blog/derecho-laboral/calcular-prestaciones-laborales-honduras,308,,Href link,true,false,false
/blog/practica-legal?page=2,200,/blog/practica-legal/elegir-bufete-multidisciplinario-ventajas-honduras,308,"Bufete Multidisciplinario vs Especializado en Práctica LegalBufete Multidisciplinario vs Especializado enNo todos los casos requieren un bufete multidisciplinario. Sepa en qué situaciones conviene uno integral y cuándo es mejor un especialista puro. Análisis real, 16 abr 2026",Href link,false,true,false
/blog/derecho-penal/que-hacer-si-me-detienen-en-honduras,200,/blog/derecho-laboral/empleador-no-paga-salario-honduras,308,Siguiente¿Qué hacer si mi empleador no me paga en,Href link,true,false,false
/blog/derecho-laboral/despido-laboral-honduras-guia-completa,200,/blog/derecho-laboral/empleador-no-paga-salario-honduras,308,¿Qué hacer si mi empleador no me paga en Derecho Laboral¿Qué hacer si mi empleador no me paga en 1 de mayo de 2026,Href link,true,false,false
/blog/derecho-penal/diferencia-denuncia-querella-acusacion-honduras,200,/blog/derecho-penal/abogado-penalista-choluteca,308,Abogado Penalista en Choluteca Derecho PenalAbogado Penalista en Choluteca 24 de mayo de 2026,Href link,true,false,false
/derecho-penal/atencion-casos-penales-litigiosos,200,/blog/derecho-penal/abogado-penalista-choluteca,308,,Href link,true,false,false
/blog/derecho-laboral/abogado-laboral-choluteca,200,/blog/derecho-laboral/despido-injustificado-honduras-derechos-trabajador,308,Despido Injustificado en Honduras Derecho LaboralDespido Injustificado en Honduras 6 de mayo de 2026,Href link,true,false,false
/blog/derecho-laboral/acoso-laboral-mobbing-honduras,200,/blog/derecho-laboral/despido-injustificado-honduras-derechos-trabajador,308,Despido Injustificado en Honduras Derecho LaboralDespido Injustificado en Honduras 6 de mayo de 2026,Href link,true,false,false
/abogados-en-langue,200,/blog/derecho-penal/abogado-penalista-choluteca,308,,Href link,true,false,false
/blog/derecho-laboral/derechos-laborales-basicos-honduras,200,/blog/derecho-laboral/despido-injustificado-honduras-derechos-trabajador,308,Despido Injustificado en Honduras Derecho LaboralDespido Injustificado en Honduras 6 de mayo de 2026,Href link,true,false,false
/blog/noticias-legales/reformas-legales-recientes-honduras,200,/blog/practica-legal/elegir-bufete-abogados-nacaome,308,AnteriorElegir bufete abogados Nacaome: guía práctica,Href link,true,false,false
/abogados-en-goascoran,200,/blog/derecho-penal/abogado-penalista-choluteca,308,,Href link,true,false,false
/blog/derecho-laboral/acoso-laboral-mobbing-honduras,200,/blog/derecho-laboral/calcular-prestaciones-laborales-honduras,308,Calcula tus prestaciones laborales en Honduras Derecho LaboralCalcula tus prestaciones laborales en Honduras 27 de abril de 2026,Href link,true,false,false
/blog/derecho-laboral/contratos-empleadas-domesticas-obligaciones-honduras,200,/blog/derecho-laboral/empleador-no-paga-salario-honduras,308,¿Qué hacer si mi empleador no me paga en Derecho Laboral¿Qué hacer si mi empleador no me paga en 1 de mayo de 2026,Href link,true,false,false
/blog/derecho-de-familia/divorcio-choluteca,200,/blog/derecho-laboral/despido-injustificado-honduras-derechos-trabajador,308,AnteriorDespido Injustificado en Honduras,Href link,true,false,false
/blog/derecho-mercantil/abogado-empresas-san-lorenzo,200,/blog/derecho-laboral/despido-laboral-honduras-derechos,308,SiguienteDespido laboral en Honduras: derechos y cómo,Href link,true,false,false
/blog/derecho-laboral/demanda-laboral-choluteca,200,/blog/derecho-laboral/despido-injustificado-honduras-derechos-trabajador,308,Despido Injustificado en Honduras Derecho LaboralDespido Injustificado en Honduras 6 de mayo de 2026,Href link,true,false,false
/blog?tag=C%C3%B3digo%20de%20Trabajo,200,/blog/derecho-laboral/despido-injustificado-honduras-derechos-trabajador,308,"Despido Injustificado en Honduras Derecho LaboralDespido Injustificado en HondurasDespido con o sin justa causa: guía práctica para saber si su despido fue legal, cuánto le deben pagar (preaviso, cesantía, aguinaldo proporcional) y cómo 6 may 2026",Href link,true,true,false
/sitemap.xml,200,/blog/derecho-penal/abogado-penalista-choluteca,308,,Sitemap URL,true,false,false
/blog/derecho-laboral/contratos-trabajo-tipos-clausulas-honduras,200,/blog/derecho-laboral/despido-injustificado-honduras-derechos-trabajador,308,Despido Injustificado en Honduras Derecho LaboralDespido Injustificado en Honduras 6 de mayo de 2026,Href link,true,false,false
/blog/derecho-penal/estafas-fraudes-tipos-penales-honduras,200,/blog/derecho-laboral/calcular-prestaciones-laborales-honduras,308,SiguienteCalcula tus prestaciones laborales en Honduras,Href link,true,false,false
/derecho-penal/recursos-y-defensa-avanzada,200,/blog/derecho-penal/abogado-penalista-choluteca,308,,Href link,true,false,false
/blog/derecho-penal/defensa-penal-honduras,200,/blog/derecho-penal/abogado-penalista-choluteca,308,Abogado Penalista en Choluteca Derecho PenalAbogado Penalista en Choluteca 24 de mayo de 2026,Href link,true,false,false
/blog/derecho-penal/allanamiento-ilegal-violacion-domicilio-honduras,200,/blog/derecho-penal/abogado-penalista-choluteca,308,Abogado Penalista en Choluteca Derecho PenalAbogado Penalista en Choluteca 24 de mayo de 2026,Href link,true,false,false
/blog?tag=indemnizaci%C3%B3n,200,/blog/derecho-laboral/despido-injustificado-honduras-derechos-trabajador,308,"Despido Injustificado en Honduras Derecho LaboralDespido Injustificado en HondurasDespido con o sin justa causa: guía práctica para saber si su despido fue legal, cuánto le deben pagar (preaviso, cesantía, aguinaldo proporcional) y cómo 6 may 2026",Href link,true,true,false
/blog/derecho-notarial,200,/blog/derecho-notarial/tramites-notariales-frecuentes-honduras,308,"Trámites notariales en Honduras Derecho NotarialTrámites notariales en HondurasPoderes, escrituras, actas notariales, auténticas y otros trámites notariales comunes en Honduras. Guía práctica con requisitos principales. 12 dic 2025",Href link,true,false,false
/blog?page=4,200,/blog/practica-legal/elegir-bufete-multidisciplinario-ventajas-honduras,308,"Bufete Multidisciplinario vs Especializado en Práctica LegalBufete Multidisciplinario vs Especializado enNo todos los casos requieren un bufete multidisciplinario. Sepa en qué situaciones conviene uno integral y cuándo es mejor un especialista puro. Análisis real, 16 abr 2026",Href link,false,true,false
/blog/derecho-penal/estafas-fraudes-tipos-penales-honduras,200,/blog/derecho-penal/abogado-penalista-choluteca,308,Abogado Penalista en Choluteca Derecho PenalAbogado Penalista en Choluteca 24 de mayo de 2026,Href link,true,false,false
/abogados-en-namasigue,200,/blog/derecho-laboral/despido-laboral-honduras-derechos,308,,Href link,true,false,false
/blog/derecho-penal/cuando-prescribe-delito-en-honduras,200,/blog/derecho-penal/abogado-penalista-choluteca,308,Abogado Penalista en Choluteca Derecho PenalAbogado Penalista en Choluteca 24 de mayo de 2026,Href link,true,false,false
/blog/derecho-laboral/riesgos-profesionales-accidentes,200,/blog/derecho-laboral/despido-injustificado-honduras-derechos-trabajador,308,Despido Injustificado en Honduras Derecho LaboralDespido Injustificado en Honduras 6 de mayo de 2026,Href link,true,false,false
/blog/derecho-laboral/contratos-trabajo-tipos-clausulas-honduras,200,/blog/derecho-laboral/calcular-prestaciones-laborales-honduras,308,Calcula tus prestaciones laborales en Honduras Derecho LaboralCalcula tus prestaciones laborales en Honduras 27 de abril de 2026,Href link,true,false,false
/abogados-en-el-triunfo,200,/blog/derecho-laboral/despido-laboral-honduras-derechos,308,,Href link,true,false,false
/blog/practica-legal/abogados-en-san-marcos-de-colon-choluteca,200,/blog/derecho-penal/abogado-penalista-choluteca,308,SiguienteAbogado Penalista en Choluteca,Href link,true,false,false
/blog/derecho-laboral/demanda-laboral-choluteca,200,/blog/derecho-laboral/calcular-prestaciones-laborales-honduras,308,Calcula tus prestaciones laborales en Honduras Derecho LaboralCalcula tus prestaciones laborales en Honduras 27 de abril de 2026,Href link,true,false,false
/derecho-penal/mediacion-conflictos-penales-y-multas,200,/blog/derecho-penal/abogado-penalista-choluteca,308,,Href link,true,false,false
/blog/derecho-laboral/acoso-laboral-mobbing-honduras,200,/blog/derecho-notarial/tramites-notariales-frecuentes-honduras,308,AnteriorTrámites notariales en Honduras,Href link,true,false,false
/blog?tag=abogado%20generalista%20vs%20especialista,200,/blog/practica-legal/elegir-bufete-multidisciplinario-ventajas-honduras,308,"Bufete Multidisciplinario vs Especializado en Práctica LegalBufete Multidisciplinario vs Especializado enNo todos los casos requieren un bufete multidisciplinario. Sepa en qué situaciones conviene uno integral y cuándo es mejor un especialista puro. Análisis real, 16 abr 2026",Href link,true,true,false
/blog/hondurenos-en-espana/hondurenos-espana-documentos,200,/blog/practica-legal/elegir-bufete-multidisciplinario-ventajas-honduras,308,AnteriorBufete Multidisciplinario vs Especializado en,Href link,true,false,false
/blog?tag=despido%20injustificado%20Honduras,200,/blog/derecho-laboral/despido-injustificado-honduras-derechos-trabajador,308,"Despido Injustificado en Honduras Derecho LaboralDespido Injustificado en HondurasDespido con o sin justa causa: guía práctica para saber si su despido fue legal, cuánto le deben pagar (preaviso, cesantía, aguinaldo proporcional) y cómo 6 may 2026",Href link,true,true,false
/blog?page=12,200,/blog/practica-legal/elegir-bufete-abogados-nacaome,308,"Elegir bufete abogados Nacaome: guía práctica Práctica LegalElegir bufete abogados Nacaome: guía prácticaGuía para elegir un despacho jurídico en Nacaome, Choluteca o el sur de Honduras. Qué preguntar, qué criterios evaluar y cómo distinguir un servicio legal 23 dic 2025",Href link,false,true,false
/blog/derecho-laboral,200,/blog/derecho-laboral/calcular-prestaciones-laborales-honduras,308,"Calcula tus prestaciones laborales en Honduras Derecho LaboralCalcula tus prestaciones laborales en HondurasGuía práctica para entender y calcular prestaciones laborales en Honduras: aguinaldo, décimo tercer mes, vacaciones, indemnización y más. 27 abr 2026",Href link,true,false,false
/blog/derecho-laboral/jornada-laboral-horas-extra-descansos-honduras,200,/blog/derecho-laboral/despido-injustificado-honduras-derechos-trabajador,308,Despido Injustificado en Honduras Derecho LaboralDespido Injustificado en Honduras 6 de mayo de 2026,Href link,true,false,false
/blog/derecho-laboral/abogado-laboral-choluteca,200,/blog/derecho-laboral/calcular-prestaciones-laborales-honduras,308,Calcula tus prestaciones laborales en Honduras Derecho LaboralCalcula tus prestaciones laborales en Honduras 27 de abril de 2026,Href link,true,false,false
/blog/derecho-laboral/despido-laboral-honduras-guia-completa,200,/blog/derecho-laboral/despido-injustificado-honduras-derechos-trabajador,308,Despido Injustificado en Honduras Derecho LaboralDespido Injustificado en Honduras 6 de mayo de 2026,Href link,true,false,false
/blog/derecho-penal/medidas-sustitutivas-prision-preventiva-honduras,200,/blog/derecho-penal/abogado-penalista-choluteca,308,Abogado Penalista en Choluteca Derecho PenalAbogado Penalista en Choluteca 24 de mayo de 2026,Href link,true,false,false
/blog/derecho-laboral/calcular-liquidacion-laboral-honduras,200,/blog/derecho-laboral/calcular-prestaciones-laborales-honduras,308,Calcula tus prestaciones laborales en Honduras Derecho LaboralCalcula tus prestaciones laborales en Honduras 27 de abril de 2026,Href link,true,false,false
/blog?month=2026-04,200,/blog/derecho-laboral/despido-laboral-honduras-derechos,308,"Despido laboral en Honduras: derechos y cómo Derecho LaboralDespido laboral en Honduras: derechos y cómoDerechos del trabajador ante un despido en Honduras: tipos de despido, prestaciones e indemnización, y pasos para reclamar ante la Secretaría de Trabajo y 20 abr 2026",Href link,true,true,false
/blog?tag=abogados%20en%20Choluteca,200,/blog/practica-legal/elegir-bufete-abogados-nacaome,308,"Elegir bufete abogados Nacaome: guía práctica Práctica LegalElegir bufete abogados Nacaome: guía prácticaGuía para elegir un despacho jurídico en Nacaome, Choluteca o el sur de Honduras. Qué preguntar, qué criterios evaluar y cómo distinguir un servicio legal 23 dic 2025",Href link,true,true,false
/derecho-penal/proceso-penal-completo,200,/blog/derecho-penal/abogado-penalista-choluteca,308,,Href link,true,false,false
/blog/derecho-laboral/abogado-laboral-choluteca,200,/blog/derecho-laboral/despido-laboral-honduras-derechos,308,Despido laboral en Honduras: derechos y cómo Derecho LaboralDespido laboral en Honduras: derechos y cómo 20 de abril de 2026,Href link,true,false,false
/blog/derecho-penal/antejuicio-en-honduras,200,/blog/derecho-penal/abogado-penalista-choluteca,308,Abogado Penalista en Choluteca Derecho PenalAbogado Penalista en Choluteca 24 de mayo de 2026,Href link,true,false,false
/blog?tag=abogado%20detenidos,200,/blog/derecho-penal/abogado-penalista-choluteca,308,"Abogado Penalista en Choluteca Derecho PenalAbogado Penalista en CholutecaDefensa penal en Choluteca con presencia local en los juzgados de la zona sur. Audiencia inicial, medidas cautelares, apelaciones. Atención 24/7 para detenidos. 24 may 2026",Href link,true,true,false
/blog/practica-legal/abogados-en-choluteca,200,/blog/practica-legal/elegir-bufete-abogados-nacaome,308,Elegir bufete abogados Nacaome: guía práctica Práctica LegalElegir bufete abogados Nacaome: guía práctica 23 de diciembre de 2025,Href link,false,false,false
/blog?tag=derechos%20del%20trabajador,200,/blog/derecho-laboral/empleador-no-paga-salario-honduras,308,"¿Qué hacer si mi empleador no me paga en Derecho Laboral¿Qué hacer si mi empleador no me paga enPasos legales para reclamar salarios impagos en Honduras. Derechos del trabajador, vías administrativas y judiciales disponibles. 1 may 2026",Href link,true,true,false
/blog?page=3,200,/blog/derecho-laboral/calcular-prestaciones-laborales-honduras,308,"Calcula tus prestaciones laborales en Honduras Derecho LaboralCalcula tus prestaciones laborales en HondurasGuía práctica para entender y calcular prestaciones laborales en Honduras: aguinaldo, décimo tercer mes, vacaciones, indemnización y más. 27 abr 2026",Href link,false,true,false
/blog/derecho-laboral/derechos-laborales-basicos-honduras,200,/blog/derecho-laboral/empleador-no-paga-salario-honduras,308,¿Qué hacer si mi empleador no me paga en Derecho Laboral¿Qué hacer si mi empleador no me paga en 1 de mayo de 2026,Href link,true,false,false
/abogados-en-namasigue,200,/blog/derecho-penal/abogado-penalista-choluteca,308,,Href link,true,false,false
/blog/derecho-laboral/calcular-liquidacion-laboral-honduras,200,/blog/derecho-laboral/despido-injustificado-honduras-derechos-trabajador,308,Despido Injustificado en Honduras Derecho LaboralDespido Injustificado en Honduras 6 de mayo de 2026,Href link,true,false,false
/blog/tributario/defensa-sar-choluteca,200,/blog/practica-legal/elegir-bufete-multidisciplinario-ventajas-honduras,308,SiguienteBufete Multidisciplinario vs Especializado en,Href link,true,false,false
/blog/derecho-de-familia/pension-alimenticia-honduras-guia-completa,200,/blog/derecho-laboral/calcular-prestaciones-laborales-honduras,308,AnteriorCalcula tus prestaciones laborales en Honduras,Href link,true,false,false
/abogados-en-pespire,200,/blog/derecho-penal/abogado-penalista-choluteca,308,,Href link,true,false,false
/blog?page=4,200,/blog/derecho-laboral/despido-laboral-honduras-derechos,308,"Despido laboral en Honduras: derechos y cómo Derecho LaboralDespido laboral en Honduras: derechos y cómoDerechos del trabajador ante un despido en Honduras: tipos de despido, prestaciones e indemnización, y pasos para reclamar ante la Secretaría de Trabajo y 20 abr 2026",Href link,false,true,false
/abogados-en-orocuina,200,/blog/derecho-penal/abogado-penalista-choluteca,308,,Href link,true,false,false
/blog?tag=demanda%20laboral,200,/blog/derecho-laboral/empleador-no-paga-salario-honduras,308,"¿Qué hacer si mi empleador no me paga en Derecho Laboral¿Qué hacer si mi empleador no me paga enPasos legales para reclamar salarios impagos en Honduras. Derechos del trabajador, vías administrativas y judiciales disponibles. 1 may 2026",Href link,true,true,false
/blog/derecho-penal/fianza-medidas-cautelares-proceso-penal-honduras,200,/blog/derecho-penal/abogado-penalista-choluteca,308,Abogado Penalista en Choluteca Derecho PenalAbogado Penalista en Choluteca 24 de mayo de 2026,Href link,true,false,false
/blog/derecho-laboral/derechos-trabajadora-embarazada-honduras,200,/blog/derecho-laboral/despido-injustificado-honduras-derechos-trabajador,308,Despido Injustificado en Honduras Derecho LaboralDespido Injustificado en Honduras 6 de mayo de 2026,Href link,true,false,false
/blog?month=2026-05,200,/blog/derecho-penal/abogado-penalista-choluteca,308,"Abogado Penalista en Choluteca Derecho PenalAbogado Penalista en CholutecaDefensa penal en Choluteca con presencia local en los juzgados de la zona sur. Audiencia inicial, medidas cautelares, apelaciones. Atención 24/7 para detenidos. 24 may 2026",Href link,true,true,false
/blog/derecho-de-familia/abogado-familia-choluteca,200,/blog/derecho-laboral/empleador-no-paga-salario-honduras,308,Anterior¿Qué hacer si mi empleador no me paga en,Href link,true,false,false
/blog/derecho-penal/que-hacer-si-me-detienen-en-honduras,200,/blog/derecho-penal/abogado-penalista-choluteca,308,Abogado Penalista en Choluteca Derecho PenalAbogado Penalista en Choluteca 24 de mayo de 2026,Href link,true,false,false
/blog/derecho-laboral,200,/blog/derecho-laboral/despido-laboral-honduras-derechos,308,"Despido laboral en Honduras: derechos y cómo Derecho LaboralDespido laboral en Honduras: derechos y cómoDerechos del trabajador ante un despido en Honduras: tipos de despido, prestaciones e indemnización, y pasos para reclamar ante la Secretaría de Trabajo y 20 abr 2026",Href link,true,false,false
/blog/derecho-de-familia/divorcio-honduras-guia-completa,200,/blog/derecho-laboral/despido-laboral-honduras-derechos,308,AnteriorDespido laboral en Honduras: derechos y cómo,Href link,true,false,false
/blog?page=2,200,/blog/derecho-laboral/despido-injustificado-honduras-derechos-trabajador,308,"Despido Injustificado en Honduras Derecho LaboralDespido Injustificado en HondurasDespido con o sin justa causa: guía práctica para saber si su despido fue legal, cuánto le deben pagar (preaviso, cesantía, aguinaldo proporcional) y cómo 6 may 2026",Href link,false,true,false
/blog/derecho-laboral/jornada-laboral-horas-extra-descansos-honduras,200,/blog/derecho-laboral/empleador-no-paga-salario-honduras,308,¿Qué hacer si mi empleador no me paga en Derecho Laboral¿Qué hacer si mi empleador no me paga en 1 de mayo de 2026,Href link,true,false,false
/blog/practica-legal?page=2,200,/blog/practica-legal/elegir-bufete-abogados-nacaome,308,"Elegir bufete abogados Nacaome: guía práctica Práctica LegalElegir bufete abogados Nacaome: guía prácticaGuía para elegir un despacho jurídico en Nacaome, Choluteca o el sur de Honduras. Qué preguntar, qué criterios evaluar y cómo distinguir un servicio legal 23 dic 2025",Href link,false,true,false
/blog/practica-legal/tramites-legales-nacaome,200,/blog/derecho-penal/abogado-penalista-choluteca,308,AnteriorAbogado Penalista en Choluteca,Href link,true,false,false
/derecho-penal/ejecucion-penal-y-beneficios,200,/blog/derecho-penal/abogado-penalista-choluteca,308,,Href link,true,false,false
/blog/derecho-laboral,200,/blog/derecho-laboral/despido-injustificado-honduras-derechos-trabajador,308,"Despido Injustificado en Honduras Derecho LaboralDespido Injustificado en HondurasDespido con o sin justa causa: guía práctica para saber si su despido fue legal, cuánto le deben pagar (preaviso, cesantía, aguinaldo proporcional) y cómo 6 may 2026",Href link,true,false,false
/abogados-en-el-triunfo,200,/blog/derecho-penal/abogado-penalista-choluteca,308,,Href link,true,false,false
/blog/derecho-notarial/poder-notarial-honduras-tipos-requisitos,200,/blog/derecho-notarial/tramites-notariales-frecuentes-honduras,308,Trámites notariales en Honduras Derecho NotarialTrámites notariales en Honduras 12 de diciembre de 2025,Href link,true,false,false
/blog/derecho-laboral/derechos-trabajadora-embarazada-honduras,200,/blog/derecho-laboral/calcular-prestaciones-laborales-honduras,308,Calcula tus prestaciones laborales en Honduras Derecho LaboralCalcula tus prestaciones laborales en Honduras 27 de abril de 2026,Href link,true,false,false
/blog/derecho-laboral/contratos-empleadas-domesticas-obligaciones-honduras,200,/blog/derecho-laboral/despido-injustificado-honduras-derechos-trabajador,308,Despido Injustificado en Honduras Derecho LaboralDespido Injustificado en Honduras 6 de mayo de 2026,Href link,true,false,false
/blog,200,/blog/derecho-penal/abogado-penalista-choluteca,308,Abogado Penalista en Choluteca Derecho PenalAbogado Penalista en Choluteca 24 may 2026,Href link,true,false,false
/blog/derecho-laboral/riesgos-profesionales-accidentes,200,/blog/derecho-laboral/calcular-prestaciones-laborales-honduras,308,Calcula tus prestaciones laborales en Honduras Derecho LaboralCalcula tus prestaciones laborales en Honduras 27 de abril de 2026,Href link,true,false,false
/blog/derecho-notarial/poder-legal-honduras-cuando-se-necesita,200,/blog/derecho-notarial/tramites-notariales-frecuentes-honduras,308,Trámites notariales en Honduras Derecho NotarialTrámites notariales en Honduras 12 de diciembre de 2025,Href link,true,false,false
/abogado-laboralista-nacaome,200,/blog/derecho-laboral/calcular-prestaciones-laborales-honduras,308,,Href link,true,false,false
/blog/derecho-laboral/contratos-trabajo-tipos-clausulas-honduras,200,/blog/derecho-laboral/empleador-no-paga-salario-honduras,308,¿Qué hacer si mi empleador no me paga en Derecho Laboral¿Qué hacer si mi empleador no me paga en 1 de mayo de 2026,Href link,true,false,false
/blog/derecho-laboral/calcular-liquidacion-laboral-honduras,200,/blog/derecho-laboral/empleador-no-paga-salario-honduras,308,¿Qué hacer si mi empleador no me paga en Derecho Laboral¿Qué hacer si mi empleador no me paga en 1 de mayo de 2026,Href link,true,false,false
/blog/derecho-laboral/demanda-laboral-choluteca,200,/blog/derecho-laboral/empleador-no-paga-salario-honduras,308,¿Qué hacer si mi empleador no me paga en Derecho Laboral¿Qué hacer si mi empleador no me paga en 1 de mayo de 2026,Href link,true,false,false
/blog/derecho-penal/diferencia-denuncia-querella-acusacion-honduras,200,/blog/derecho-laboral/despido-injustificado-honduras-derechos-trabajador,308,SiguienteDespido Injustificado en Honduras,Href link,true,false,false
/blog?month=2026-04,200,/blog/derecho-laboral/calcular-prestaciones-laborales-honduras,308,"Calcula tus prestaciones laborales en Honduras Derecho LaboralCalcula tus prestaciones laborales en HondurasGuía práctica para entender y calcular prestaciones laborales en Honduras: aguinaldo, décimo tercer mes, vacaciones, indemnización y más. 27 abr 2026",Href link,true,true,false
/blog?page=12,200,/blog/derecho-notarial/tramites-notariales-frecuentes-honduras,308,"Trámites notariales en Honduras Derecho NotarialTrámites notariales en HondurasPoderes, escrituras, actas notariales, auténticas y otros trámites notariales comunes en Honduras. Guía práctica con requisitos principales. 12 dic 2025",Href link,false,true,false
