"dataset","query","clicks","impressions","ctr","position"
"bing_opportunities","bufetes de abogados en nacaome","4","5","0","0"
"bing_opportunities","site:pinedayasociadoshn.com abogado penalista choluteca honduras","0","10","0","0"
"bing_opportunities","central de riesgo honduras","0","6","0","0"
"bing_opportunities","arsa honduras registro sanitario","0","5","0","0"
"bing_opportunities","rtn honduras","0","23","0","0"
"bing_opportunities","plazos para abrir testamento en honduras","0","6","0","0"
"bing_opportunities","rtn de empresas en honduras","0","6","0","0"
"bing_opportunities","https://www.pinedayasociadoshn.com/blog/derecho-aduanero/codigo-aduanero-centroamericano","1","7","0","0"
"bing_opportunities","solicitud de unión de hecho","1","6","0","0"
"bing_opportunities","cuales son las impugnaciones y recursos en la contratacion pública en honduras","1","5","0","0"
"bing_opportunities","rtn honduras","0","31","0","0"
"bing_opportunities","como saber si sigo en central de riesgo","0","18","0","0"
"bing_opportunities","que es contrato de trabajo en honduras","0","11","0","0"
"bing_opportunities","site:pinedayasociadoshn.com abogado en nacaome honduras","0","10","0","0"
"bing_opportunities","registro mercantil y rtn en honduras procedimiento","0","6","0","0"
"bing_opportunities","cálculo de pensión alimenticia en demanda de alimentos honduras","0","6","0","0"
"bing_opportunities","honduras demanda banco bloqueo tarjeta crédito sin aviso","0","6","0","0"
"bing_opportunities","dpi honduras detenido flagrancia derechos abogado","0","6","0","0"
"bing_opportunities","código de comercio honduras sociedad de responsabilidad limitada artículos requisitos constitución proceso","0","6","0","0"
"bing_opportunities","ley de procedimiento administrativo honduras multas sanciones","0","5","0","0"
"bing_opportunities","sobreseimiento definitivo","0","5","0","0"
"bing_opportunities","https://www.pinedayasociadoshn.com/blog/derecho-aduanero/codigo-aduanero-centroamericano","2","12","0","0"
"bing_opportunities","https://www.pinedayasociados.com/blog/derechos-arco-en-honduras","1","6","0","0"
"bing_opportunities","constitución legal de una empresa en honduras","1","5","0","0"
"bing_opportunities","rtn honduras","0","14","0","0"
"bing_opportunities","proceso penal en honduras cuando el acusado es abogado","0","8","0","0"
"bing_opportunities","delitos ambientales en honduras marco legal","0","8","0","0"
"bing_opportunities","consecuencias jurídicas de detención sin cargos en honduras","0","8","0","0"
"bing_opportunities","costo registro empresa honduras abogado","0","8","0","0"
"bing_opportunities","costo inicial para montar empresa aduanera en honduras","0","8","0","0"
"bing_opportunities","código civil honduras responsabilidad civil daño moral","0","8","0","0"
"bing_opportunities","honduras responsabilidad civil daños y perjuicios código civil","0","8","0","0"
"bing_opportunities","importancia rtn facturacion isv isr honduras","0","8","0","0"
"bing_opportunities","sar honduras rtn cai permiso operacion ihss infop empresa","0","8","0","0"
"bing_opportunities","contratos mercantiles en honduras arrendamiento franquicia distribución agencia transporte","0","8","0","0"
"bing_opportunities","fórmula notarial correcta para libramiento de poder en honduras","0","8","0","0"
"bing_opportunities","honduras zonas libres ley beneficios fiscales oficial","0","7","0","0"
"bing_opportunities","constitución de una empresa en honduras","0","7","0","0"
"bing_opportunities","proceso para cobrar deudas judicialmente en honduras","0","6","0","0"
"bing_opportunities","código civil honduras responsabilidad civil daños perjuicios artículos","0","6","0","0"
"bing_opportunities","central de riesgo honduras","0","5","0","0"
