"slug","fragment","href","classification","proposed_target","resolution","blocking","signature_hash_risk"
"abogado-empresas-san-lorenzo","gal integral. Contáctenos para una evaluación inicial.</p><p><a href='#' onclick='return false;'>Solicite una evaluación inicial</a> | <a hre","#","bare_anchor","","runtime_normalization","false","none_render_only"
"abogado-familia-choluteca","gende una evaluación inicial confidencial de su caso.</p> <p><a href='#' title='Solicitar evaluación inicial'>Solicite una evaluación inicial","#","bare_anchor","","runtime_normalization","false","none_render_only"
"abogado-penalista-sur-honduras","s cautelares.</p> <h2>Artículos relacionados</h2> <ul> <li><a href='https://www.tuabogado.com/blog/derecho-penal/diferencia-denuncia-querella-acusacion-honduras'>Diferencia entre denuncia, querella y acusación en Honduras</a></li>","https://www.tuabogado.com/blog/derecho-penal/diferencia-denuncia-querella-acusacion-honduras","example_domain","/blog/derecho-penal/diferencia-denuncia-querella-acusacion-honduras","runtime_normalization","false","none_render_only"
"abogado-penalista-sur-honduras","re denuncia, querella y acusación en Honduras</a></li> <li><a href='https://www.tuabogado.com/blog/derecho-penal/medidas-sustitutivas-prision-preventiva-honduras'>Medidas sustitutivas a la prisión preventiva en Honduras</a></li>","https://www.tuabogado.com/blog/derecho-penal/medidas-sustitutivas-prision-preventiva-honduras","example_domain","/blog/derecho-penal/medidas-sustitutivas-prision-preventiva-honduras","runtime_normalization","false","none_render_only"
"abogado-penalista-sur-honduras","titutivas a la prisión preventiva en Honduras</a></li> <li><a href='https://www.tuabogado.com/blog/practica-legal/costos-honorarios-abogados-como-funcionan-honduras'>Costos y honorarios de abogados en Honduras</a></li> </ul>","https://www.tuabogado.com/blog/practica-legal/costos-honorarios-abogados-como-funcionan-honduras","example_domain","/blog/practica-legal/costos-honorarios-abogados-como-funcionan-honduras","runtime_normalization","false","none_render_only"
"como-preparar-demanda-guia-no-abogados-honduras","dos</h2> <p>Para asistencia legal en Honduras, considere una <a href=""#"">primera consulta con un abogado</a>. Conozca los <a href=""#"">costos","#","bare_anchor","","runtime_normalization","false","none_render_only"
"como-preparar-demanda-guia-no-abogados-honduras","dos</h2> <p>Para asistencia legal en Honduras, considere una <a href=""#"">primera consulta con un abogado</a>. Conozca los <a href=""#"">costos","#","bare_anchor","","runtime_normalization","false","none_render_only"
"constituir-empresa-guia-paso-a-paso-honduras","presa en Honduras, le pueden interesar los siguientes temas: <a href='https://www.ejemplo.com/blog/derecho-mercantil/tipos-sociedad-mercantil-honduras'>tipos de sociedad mercantil en Honduras</a>, <a href='https://www.ej","https://www.ejemplo.com/blog/derecho-mercantil/tipos-sociedad-mercantil-honduras","example_domain","/blog/derecho-mercantil/tipos-sociedad-mercantil-honduras","runtime_normalization","false","none_render_only"
"constituir-empresa-guia-paso-a-paso-honduras","antil-honduras'>tipos de sociedad mercantil en Honduras</a>, <a href='https://www.ejemplo.com/blog/derecho-mercantil/contratos-mercantiles-esenciales-empresas-honduras'>contratos mercantiles esenciales para empresas</a> y <a href='https:","https://www.ejemplo.com/blog/derecho-mercantil/contratos-mercantiles-esenciales-empresas-honduras","example_domain","/blog/derecho-mercantil/contratos-mercantiles-esenciales-empresas-honduras","runtime_normalization","false","none_render_only"
"constituir-empresa-guia-paso-a-paso-honduras","nduras'>contratos mercantiles esenciales para empresas</a> y <a href='https://www.ejemplo.com/blog/tributario/facturacion-electronica-requisitos-sar'>facturación electrónica y obligaciones del SAR</a>.</p> <p>Para cons","https://www.ejemplo.com/blog/tributario/facturacion-electronica-requisitos-sar","example_domain","/blog/tributario/facturacion-electronica-requisitos-sar","runtime_normalization","false","none_render_only"
"constituir-empresa-guia-paso-a-paso-honduras","uras con la documentación legalmente sólida desde el inicio, <a href='https://www.ejemplo.com/solicitar-consulta'>solicite una consulta</a>. Le asistiremos en la selección del tipo s","https://www.ejemplo.com/solicitar-consulta","example_domain","/solicitar-consulta","runtime_normalization","false","none_render_only"
"defensa-sar-choluteca","s. Contáctenos hoy mismo para una evaluación inicial.</p> <p><a href='solicitar-consulta'>Solicite una evaluación inicial</a> | <a href='https://wa.me/5049536","solicitar-consulta","relative_internal_path","/solicitar-consulta","runtime_normalization","false","none_render_only"
"defensa-sar-choluteca","'>Escríbanos por WhatsApp</a></p> <p>Artículos relacionados: <a href='blog/derecho-laboral/abogado-laboral-choluteca'>Abogado Laboral en Choluteca</a> | <a href='abogados-en-choluteca'>A","blog/derecho-laboral/abogado-laboral-choluteca","relative_internal_path","/blog/derecho-laboral/abogado-laboral-choluteca","runtime_normalization","false","none_render_only"
"defensa-sar-choluteca","bogado-laboral-choluteca'>Abogado Laboral en Choluteca</a> | <a href='abogados-en-choluteca'>Abogados en Choluteca</a> | <a href='blog/tributario/facturacion-ele","abogados-en-choluteca","relative_internal_path","/abogados-en-choluteca","runtime_normalization","false","none_render_only"
"defensa-sar-choluteca","<a href='abogados-en-choluteca'>Abogados en Choluteca</a> | <a href='blog/tributario/facturacion-electronica-requisitos-sar'>Facturación Electrónica</a></p>","blog/tributario/facturacion-electronica-requisitos-sar","relative_internal_path","/blog/tributario/facturacion-electronica-requisitos-sar","runtime_normalization","false","none_render_only"
"jornada-laboral-horas-extra-descansos-honduras","cumpliendo con el pago correcto de horas extra o descansos, <a href='solicitar-consulta'>consúltenos</a> para una evaluación de su caso.</p>","solicitar-consulta","relative_internal_path","/solicitar-consulta","runtime_normalization","false","none_render_only"
"pension-alimenticia-porcentaje-honduras-2026","al para fijar, modificar o reclamar una pensión alimenticia, <a href='solicitar-consulta'>solicite una consulta con Pineda y Asociados</a>.</p> <div class=""bg","solicitar-consulta","relative_internal_path","/solicitar-consulta","runtime_normalization","false","none_render_only"
