"slug","url","area","title","primary_query","gsc_impressions","gsc_clicks","action","reason","author_proposed","reviewer_proposed","source_status","content_status","review_status","target_batch","query_decision"
"devolucion-impuestos-como-solicitarla-honduras","https://www.pinedayasociadoshn.com/blog/tributario/devolucion-impuestos-como-solicitarla-honduras","tributario","Devolución de impuestos en Honduras","","0","0","HUMAN_ASSIGNMENT_REQUIRED","No existe responsable humano confirmado para el área","HUMAN_ASSIGNMENT_REQUIRED","","SOURCE_DETECTED_NOT_REVERIFIED","BASELINE_PRESENT","lawyer_review_pending",""
"tarjetas-credito-intereses-cargos-defensa-honduras","https://www.pinedayasociadoshn.com/blog/derecho-bancario/tarjetas-credito-intereses-cargos-defensa-honduras","derecho-bancario","Tarjetas de Crédito en Honduras","","0","0","HUMAN_ASSIGNMENT_REQUIRED","No existe responsable humano confirmado para el área","HUMAN_ASSIGNMENT_REQUIRED","","OFFICIAL_SOURCES_REQUIRED","BASELINE_PRESENT","lawyer_review_pending",""
"registro-medicamentos-productos-farmaceuticos-honduras","https://www.pinedayasociadoshn.com/blog/regulacion-sanitaria/registro-medicamentos-productos-farmaceuticos-honduras","regulacion-sanitaria","Registro de medicamentos en Honduras","registrar medicamento","1","0","HUMAN_ASSIGNMENT_REQUIRED","No existe responsable humano confirmado para el área","HUMAN_ASSIGNMENT_REQUIRED","","OFFICIAL_SOURCES_REQUIRED","BASELINE_PRESENT","lawyer_review_pending",""
"contratos-empleadas-domesticas-obligaciones-honduras","https://www.pinedayasociadoshn.com/blog/derecho-laboral/contratos-empleadas-domesticas-obligaciones-honduras","derecho-laboral","Contratos para Empleadas Domésticas en Honduras","","0","0","CONTENT_UPDATE","Sin fuente oficial detectada","Emil Barahona","Thania Marlene Paz","OFFICIAL_SOURCES_REQUIRED","BASELINE_PRESENT","lawyer_review_pending",""
"registro-sanitario-alimentos-arsa-paso-a-paso-honduras","https://www.pinedayasociadoshn.com/blog/regulacion-sanitaria/registro-sanitario-alimentos-arsa-paso-a-paso-honduras","regulacion-sanitaria","Registro Sanitario de Alimentos en Honduras","requisitos registro sanitario alimentos","6","0","HUMAN_ASSIGNMENT_REQUIRED","No existe responsable humano confirmado para el área","HUMAN_ASSIGNMENT_REQUIRED","","SOURCE_DETECTED_NOT_REVERIFIED","SUPERFICIAL","lawyer_review_pending",""
"arraigo-social-laboral-hondurenos-espana","https://www.pinedayasociadoshn.com/blog/hondurenos-en-espana/arraigo-social-laboral-hondurenos-espana","hondurenos-en-espana","Arraigo social y laboral en España para","","0","0","HUMAN_ASSIGNMENT_REQUIRED","No existe responsable humano confirmado para el área","HUMAN_ASSIGNMENT_REQUIRED","","OFFICIAL_SOURCES_REQUIRED","BASELINE_PRESENT","lawyer_review_pending",""
"pineda-asociados-bufete-multidisciplinario-honduras","https://www.pinedayasociadoshn.com/blog/practica-legal/pineda-asociados-bufete-multidisciplinario-honduras","practica-legal","Bufete Multidisciplinario en Honduras","","0","0","HUMAN_ASSIGNMENT_REQUIRED","No existe responsable humano confirmado para el área","HUMAN_ASSIGNMENT_REQUIRED","","OFFICIAL_SOURCES_REQUIRED","BASELINE_PRESENT","lawyer_review_pending",""
"zonas-libres-zoli-beneficios-fiscales-honduras","https://www.pinedayasociadoshn.com/blog/derecho-aduanero/zonas-libres-zoli-beneficios-fiscales-honduras","derecho-aduanero","Zonas Libres en Honduras (ZOLI): Beneficios Fiscales y Requisitos Legales","","0","0","HUMAN_ASSIGNMENT_REQUIRED","No existe responsable humano confirmado para el área","HUMAN_ASSIGNMENT_REQUIRED","","OFFICIAL_SOURCES_REQUIRED","BASELINE_PRESENT","lawyer_review_pending",""
"habilitacion-clinicas-hospitales","https://www.pinedayasociadoshn.com/blog/regulacion-sanitaria/habilitacion-clinicas-hospitales","regulacion-sanitaria","Licencia Sanitaria en Honduras: Guía Completa","","0","0","HUMAN_ASSIGNMENT_REQUIRED","No existe responsable humano confirmado para el área","HUMAN_ASSIGNMENT_REQUIRED","","OFFICIAL_SOURCES_REQUIRED","BASELINE_PRESENT","lawyer_review_pending",""
"reformas-legales-recientes-honduras","https://www.pinedayasociadoshn.com/blog/noticias-legales/reformas-legales-recientes-honduras","noticias-legales","Reformas Legales Honduras 2024: Guía Completa","","0","0","HUMAN_ASSIGNMENT_REQUIRED","No existe responsable humano confirmado para el área","HUMAN_ASSIGNMENT_REQUIRED","","OFFICIAL_SOURCES_REQUIRED","BASELINE_PRESENT","lawyer_review_pending",""
"contratos-mercantiles-proteger-negocio","https://www.pinedayasociadoshn.com/blog/derecho-mercantil/contratos-mercantiles-proteger-negocio","derecho-mercantil","Contratos mercantiles: claves para proteger tu negocio","","0","0","CONTENT_UPDATE","Sin fuente oficial detectada","Thania Marlene Paz","Emil Barahona","OFFICIAL_SOURCES_REQUIRED","BASELINE_PRESENT","lawyer_review_pending",""
"contratos-civiles-honduras-errores-comunes","https://www.pinedayasociadoshn.com/blog/derecho-civil/contratos-civiles-honduras-errores-comunes","derecho-civil","Contratos civiles en Honduras: errores comunes antes de firmar","","0","0","CONTENT_UPDATE","Sin fuente oficial detectada","Thania Marlene Paz","Emil Barahona","OFFICIAL_SOURCES_REQUIRED","BASELINE_PRESENT","lawyer_review_pending",""
"titulos-valores-cheques-sin-fondo-honduras","https://www.pinedayasociadoshn.com/blog/derecho-mercantil/titulos-valores-cheques-sin-fondo-honduras","derecho-mercantil","Cheques sin Fondo en Honduras: Protesto Notarial","cheque sin fondos honduras","0","0","READY_FOR_LAWYER_REVIEW","Lote prioritario por riesgo, intención, GSC o profundidad","Thania Marlene Paz","Emil Barahona","OFFICIAL_SOURCES_REQUIRED","BASELINE_PRESENT","lawyer_review_pending","mercantil","NO_RELIABLE_GSC_QUERY"
"naturalizacion-nacionalidad-hondurena","https://www.pinedayasociadoshn.com/blog/extranjeria-migracion/naturalizacion-nacionalidad-hondurena","extranjeria-migracion","Naturalización en Honduras: Guía para Obtener","nacionalidad de honduras","44","0","HUMAN_ASSIGNMENT_REQUIRED","No existe responsable humano confirmado para el área","HUMAN_ASSIGNMENT_REQUIRED","","OFFICIAL_SOURCES_REQUIRED","BASELINE_PRESENT","lawyer_review_pending",""
"licencia-ambiental-categorias-plazos-honduras","https://www.pinedayasociadoshn.com/blog/derecho-ambiental/licencia-ambiental-categorias-plazos-honduras","derecho-ambiental","Licencia Ambiental en Honduras","ambiental","6","0","HUMAN_ASSIGNMENT_REQUIRED","No existe responsable humano confirmado para el área","HUMAN_ASSIGNMENT_REQUIRED","","OFFICIAL_SOURCES_REQUIRED","BASELINE_PRESENT","lawyer_review_pending",""
"creditos-reestructuracion-deudas","https://www.pinedayasociadoshn.com/blog/derecho-bancario/creditos-reestructuracion-deudas","derecho-bancario","Reestructuración de Deuda en Honduras","","0","0","HUMAN_ASSIGNMENT_REQUIRED","No existe responsable humano confirmado para el área","HUMAN_ASSIGNMENT_REQUIRED","","OFFICIAL_SOURCES_REQUIRED","BASELINE_PRESENT","lawyer_review_pending",""
"constitucion-empresas-honduras-pasos-legales","https://www.pinedayasociadoshn.com/blog/derecho-mercantil/constitucion-empresas-honduras-pasos-legales","derecho-mercantil","Constitución de empresas en Honduras: pasos legales básicos","crear empresa en honduras pasos","0","0","READY_FOR_LAWYER_REVIEW","Lote prioritario por riesgo, intención, GSC o profundidad","Thania Marlene Paz","Emil Barahona","OFFICIAL_SOURCES_REQUIRED","BASELINE_PRESENT","lawyer_review_pending","mercantil","NO_RELIABLE_GSC_QUERY"
"central-riesgos-consultar-impugnar-honduras","https://www.pinedayasociadoshn.com/blog/derecho-bancario/central-riesgos-consultar-impugnar-honduras","derecho-bancario","Central de Riesgos en Honduras: Cómo Consultarla, Impugnar y Salir","","0","0","HUMAN_ASSIGNMENT_REQUIRED","No existe responsable humano confirmado para el área","HUMAN_ASSIGNMENT_REQUIRED","","OFFICIAL_SOURCES_REQUIRED","BASELINE_PRESENT","lawyer_review_pending",""
"defensa-sar-choluteca","https://www.pinedayasociadoshn.com/blog/tributario/defensa-sar-choluteca","tributario","Defensa ante el SAR en Choluteca","","0","0","HUMAN_ASSIGNMENT_REQUIRED","No existe responsable humano confirmado para el área","HUMAN_ASSIGNMENT_REQUIRED","","OFFICIAL_SOURCES_REQUIRED","BASELINE_PRESENT","lawyer_review_pending",""
"centro-conciliacion-arbitraje-ccic","https://www.pinedayasociadoshn.com/blog/conciliacion-arbitraje/centro-conciliacion-arbitraje-ccic","conciliacion-arbitraje","Conciliación y arbitraje en el CCIC de Honduras","","0","0","HUMAN_ASSIGNMENT_REQUIRED","No existe responsable humano confirmado para el área","HUMAN_ASSIGNMENT_REQUIRED","","OFFICIAL_SOURCES_REQUIRED","BASELINE_PRESENT","lawyer_review_pending",""
"codigo-aduanero-centroamericano","https://www.pinedayasociadoshn.com/blog/derecho-aduanero/codigo-aduanero-centroamericano","derecho-aduanero","CAUCA en Honduras: Código Aduanero","","0","0","HUMAN_ASSIGNMENT_REQUIRED","No existe responsable humano confirmado para el área","HUMAN_ASSIGNMENT_REQUIRED","","OFFICIAL_SOURCES_REQUIRED","SUPERFICIAL","lawyer_review_pending",""
"expropiacion-forzosa-derechos-propietario-honduras","https://www.pinedayasociadoshn.com/blog/derecho-administrativo/expropiacion-forzosa-derechos-propietario-honduras","derecho-administrativo","Expropiación Forzosa en Honduras","ley de expropiación forzosa honduras","37","2","CONTENT_UPDATE","Sin fuente oficial detectada","Thania Marlene Paz","Emil Barahona","OFFICIAL_SOURCES_REQUIRED","BASELINE_PRESENT","lawyer_review_pending",""
"contratacion-publica-licitaciones","https://www.pinedayasociadoshn.com/blog/derecho-administrativo/contratacion-publica-licitaciones","derecho-administrativo","Contratación Pública en Honduras","contratacion publica","6","0","CONTENT_UPDATE","Sin fuente oficial detectada","Thania Marlene Paz","Emil Barahona","OFFICIAL_SOURCES_REQUIRED","BASELINE_PRESENT","lawyer_review_pending",""
"abogado-civil-choluteca","https://www.pinedayasociadoshn.com/blog/derecho-civil/abogado-civil-choluteca","derecho-civil","Abogado Civil en Choluteca","","0","0","CONTENT_UPDATE","Sin fuente oficial detectada","Thania Marlene Paz","Emil Barahona","OFFICIAL_SOURCES_REQUIRED","BASELINE_PRESENT","lawyer_review_pending",""
"pension-alimenticia-choluteca","https://www.pinedayasociadoshn.com/blog/derecho-de-familia/pension-alimenticia-choluteca","derecho-de-familia","Pensión Alimenticia en Choluteca","","0","0","FULL_REWRITE","Contenido inferior a 600 palabras","Thania Marlene Paz","Emil Barahona","OFFICIAL_SOURCES_REQUIRED","SUPERFICIAL","lawyer_review_pending",""
"residencia-temporal-requisitos-plazos-honduras","https://www.pinedayasociadoshn.com/blog/extranjeria-migracion/residencia-temporal-requisitos-plazos-honduras","extranjeria-migracion","Residencia Temporal en Honduras","residencia en honduras","3","0","HUMAN_ASSIGNMENT_REQUIRED","No existe responsable humano confirmado para el área","HUMAN_ASSIGNMENT_REQUIRED","","OFFICIAL_SOURCES_REQUIRED","SUPERFICIAL","lawyer_review_pending",""
"mediacion-vs-juicio-cual-elegir","https://www.pinedayasociadoshn.com/blog/conciliacion-arbitraje/mediacion-vs-juicio-cual-elegir","conciliacion-arbitraje","Mediación vs juicio en Honduras","","0","0","HUMAN_ASSIGNMENT_REQUIRED","No existe responsable humano confirmado para el área","HUMAN_ASSIGNMENT_REQUIRED","","OFFICIAL_SOURCES_REQUIRED","BASELINE_PRESENT","lawyer_review_pending",""
"cuando-prescribe-delito-en-honduras","https://www.pinedayasociadoshn.com/blog/derecho-penal/cuando-prescribe-delito-en-honduras","derecho-penal","¿Cuándo Prescribe un Delito en Honduras? Plazos","prescripción de delitos en honduras","8","0","READY_FOR_LAWYER_REVIEW","Lote prioritario por riesgo, intención, GSC o profundidad","Danilo Pineda Maradiaga","Emil Barahona","OFFICIAL_SOURCES_REQUIRED","BASELINE_PRESENT","lawyer_review_pending","penal","GSC_QUERY_MATCHED"
"sobreseimiento-definitivo-provisional","https://www.pinedayasociadoshn.com/blog/proceso-penal/sobreseimiento-definitivo-provisional","proceso-penal","Sobreseimiento definitivo y provisional en Honduras","","0","0","HUMAN_ASSIGNMENT_REQUIRED","No existe responsable humano confirmado para el área","HUMAN_ASSIGNMENT_REQUIRED","","OFFICIAL_SOURCES_REQUIRED","BASELINE_PRESENT","lawyer_review_pending",""
"guarda-custodia-menores-tipos-honduras","https://www.pinedayasociadoshn.com/blog/derecho-de-familia/guarda-custodia-menores-tipos-honduras","derecho-de-familia","Guarda y Custodia de Menores en Honduras: Tipos y Qué...","guarda y custodia de menores honduras","0","0","READY_FOR_LAWYER_REVIEW","Lote prioritario por riesgo, intención, GSC o profundidad","Thania Marlene Paz","Emil Barahona","OFFICIAL_SOURCES_REQUIRED","SUPERFICIAL","lawyer_review_pending","familia","NO_RELIABLE_GSC_QUERY"
"proteccion-datos-personales-derechos-arco-honduras","https://www.pinedayasociadoshn.com/blog/derechos-ciudadanos/proteccion-datos-personales-derechos-arco-honduras","derechos-ciudadanos","Derechos ARCO en Honduras: Guía Completa de","","0","0","HUMAN_ASSIGNMENT_REQUIRED","No existe responsable humano confirmado para el área","HUMAN_ASSIGNMENT_REQUIRED","","OFFICIAL_SOURCES_REQUIRED","BASELINE_PRESENT","lawyer_review_pending",""
"derechos-de-autor-proteccion-registro-honduras","https://www.pinedayasociadoshn.com/blog/propiedad-intelectual/derechos-de-autor-proteccion-registro-honduras","propiedad-intelectual","Derechos de Autor en Honduras: Protección y Registro de Obras","","0","0","HUMAN_ASSIGNMENT_REQUIRED","No existe responsable humano confirmado para el área","HUMAN_ASSIGNMENT_REQUIRED","","OFFICIAL_SOURCES_REQUIRED","BASELINE_PRESENT","lawyer_review_pending",""
"ejecucion-hipotecaria-honduras-que-hacer","https://www.pinedayasociadoshn.com/blog/derecho-bancario/ejecucion-hipotecaria-honduras-que-hacer","derecho-bancario","Ejecución hipotecaria en Honduras: qué hacer","en honduras","2","0","HUMAN_ASSIGNMENT_REQUIRED","No existe responsable humano confirmado para el área","HUMAN_ASSIGNMENT_REQUIRED","","OFFICIAL_SOURCES_REQUIRED","BASELINE_PRESENT","lawyer_review_pending",""
"pension-alimenticia-porcentaje-honduras-2026","https://www.pinedayasociadoshn.com/blog/derecho-de-familia/pension-alimenticia-porcentaje-honduras-2026","derecho-de-familia","Pensión Alimenticia en Honduras 2026: Proporcionalidad y Cálculo","porcentaje pensión alimenticia honduras","306","15","READY_FOR_LAWYER_REVIEW","Lote prioritario por riesgo, intención, GSC o profundidad","Thania Marlene Paz","Emil Barahona","OFFICIAL_SOURCES_REQUIRED","BASELINE_PRESENT","lawyer_review_pending","familia","GSC_QUERY_MATCHED"
"abogado-familia-choluteca","https://www.pinedayasociadoshn.com/blog/derecho-de-familia/abogado-familia-choluteca","derecho-de-familia","Abogado de Familia en Choluteca","","0","0","CONTENT_UPDATE","Sin fuente oficial detectada","Thania Marlene Paz","Emil Barahona","OFFICIAL_SOURCES_REQUIRED","BASELINE_PRESENT","lawyer_review_pending",""
"mediacion-familiar-cuando-funciona-honduras","https://www.pinedayasociadoshn.com/blog/conciliacion-arbitraje/mediacion-familiar-cuando-funciona-honduras","conciliacion-arbitraje","Mediación Familiar en Honduras","","0","0","HUMAN_ASSIGNMENT_REQUIRED","No existe responsable humano confirmado para el área","HUMAN_ASSIGNMENT_REQUIRED","","OFFICIAL_SOURCES_REQUIRED","BASELINE_PRESENT","lawyer_review_pending",""
"impuestos-pequenas-empresas-guia-basica-honduras","https://www.pinedayasociadoshn.com/blog/tributario/impuestos-pequenas-empresas-guia-basica-honduras","tributario","Impuestos para Pequeñas Empresas en Honduras","","0","0","HUMAN_ASSIGNMENT_REQUIRED","No existe responsable humano confirmado para el área","HUMAN_ASSIGNMENT_REQUIRED","","OFFICIAL_SOURCES_REQUIRED","BASELINE_PRESENT","lawyer_review_pending",""
"pension-alimenticia-calcular-reclamar-honduras","https://www.pinedayasociadoshn.com/blog/derecho-de-familia/pension-alimenticia-calcular-reclamar-honduras","derecho-de-familia","Pensión alimenticia en Honduras: cómo calcularla y reclamarla","","0","0","MERGE_CANDIDATE","Solapamiento temático que requiere decisión humana","Thania Marlene Paz","Emil Barahona","OFFICIAL_SOURCES_REQUIRED","BASELINE_PRESENT","lawyer_review_pending",""
"incumplimiento-contrato-comercial-honduras","https://www.pinedayasociadoshn.com/blog/derecho-mercantil/incumplimiento-contrato-comercial-honduras","derecho-mercantil","Incumplimiento de contrato en Honduras","incumplimiento contrato comercial honduras","0","0","READY_FOR_LAWYER_REVIEW","Lote prioritario por riesgo, intención, GSC o profundidad","Thania Marlene Paz","Emil Barahona","OFFICIAL_SOURCES_REQUIRED","BASELINE_PRESENT","lawyer_review_pending","mercantil","NO_RELIABLE_GSC_QUERY"
"proteccion-marcas-competencia-desleal","https://www.pinedayasociadoshn.com/blog/propiedad-intelectual/proteccion-marcas-competencia-desleal","propiedad-intelectual","Protección de Marcas Frente a la Competencia","","0","0","HUMAN_ASSIGNMENT_REQUIRED","No existe responsable humano confirmado para el área","HUMAN_ASSIGNMENT_REQUIRED","","OFFICIAL_SOURCES_REQUIRED","BASELINE_PRESENT","lawyer_review_pending",""
"impuesto-renta-guia-personas-fisicas-honduras","https://www.pinedayasociadoshn.com/blog/tributario/impuesto-renta-guia-personas-fisicas-honduras","tributario","Impuesto Sobre la Renta en Honduras: Guía Completa para...","","0","0","HUMAN_ASSIGNMENT_REQUIRED","No existe responsable humano confirmado para el área","HUMAN_ASSIGNMENT_REQUIRED","","OFFICIAL_SOURCES_REQUIRED","BASELINE_PRESENT","lawyer_review_pending",""
"testamentos-sucesiones-herencia-honduras","https://www.pinedayasociadoshn.com/blog/derecho-civil/testamentos-sucesiones-herencia-honduras","derecho-civil","Herencias en Honduras: Guía Paso a Paso de","testamento y sucesión honduras","0","0","READY_FOR_LAWYER_REVIEW","Lote prioritario por riesgo, intención, GSC o profundidad","Thania Marlene Paz","Emil Barahona","OFFICIAL_SOURCES_REQUIRED","BASELINE_PRESENT","lawyer_review_pending","civil-notarial","NO_RELIABLE_GSC_QUERY"
"derechos-detenido-honduras-guia-constitucional","https://www.pinedayasociadoshn.com/blog/derecho-penal/derechos-detenido-honduras-guia-constitucional","derecho-penal","Derechos del detenido en Honduras: explicación práctica","derechos del detenido en honduras","0","0","READY_FOR_LAWYER_REVIEW","Lote prioritario por riesgo, intención, GSC o profundidad","Danilo Pineda Maradiaga","Emil Barahona","OFFICIAL_SOURCES_REQUIRED","BASELINE_PRESENT","lawyer_review_pending","penal","NO_RELIABLE_GSC_QUERY"
"refugio-asilo-solicitarlo","https://www.pinedayasociadoshn.com/blog/extranjeria-migracion/refugio-asilo-solicitarlo","extranjeria-migracion","Refugio y Asilo en Honduras: Proceso y Requisitos para Solicitarlo","","0","0","HUMAN_ASSIGNMENT_REQUIRED","No existe responsable humano confirmado para el área","HUMAN_ASSIGNMENT_REQUIRED","","OFFICIAL_SOURCES_REQUIRED","BASELINE_PRESENT","lawyer_review_pending",""
"despido-laboral-honduras-derechos","https://www.pinedayasociadoshn.com/blog/derecho-laboral/despido-laboral-honduras-derechos","derecho-laboral","Despido laboral en Honduras: derechos y cómo","","0","0","MERGE_CANDIDATE","Solapamiento temático que requiere decisión humana","Emil Barahona","Thania Marlene Paz","OFFICIAL_SOURCES_REQUIRED","BASELINE_PRESENT","lawyer_review_pending",""
"poder-notarial-honduras-tipos-requisitos","https://www.pinedayasociadoshn.com/blog/derecho-notarial/poder-notarial-honduras-tipos-requisitos","derecho-notarial","4 Tipos de Poder Notarial en Honduras: Requisitos","","0","0","CONTENT_UPDATE","Sin fuente oficial detectada","Thania Marlene Paz","Emil Barahona","OFFICIAL_SOURCES_REQUIRED","BASELINE_PRESENT","lawyer_review_pending",""
"abogados-en-san-marcos-de-colon-choluteca","https://www.pinedayasociadoshn.com/blog/practica-legal/abogados-en-san-marcos-de-colon-choluteca","practica-legal","Abogados en San Marcos de Colón, Honduras","","0","0","HUMAN_ASSIGNMENT_REQUIRED","No existe responsable humano confirmado para el área","HUMAN_ASSIGNMENT_REQUIRED","","OFFICIAL_SOURCES_REQUIRED","BASELINE_PRESENT","lawyer_review_pending",""
"abogados-en-san-lorenzo","https://www.pinedayasociadoshn.com/blog/practica-legal/abogados-en-san-lorenzo","practica-legal","Abogados en San Lorenzo, Valle","abogado san lorenzo","2","0","HUMAN_ASSIGNMENT_REQUIRED","No existe responsable humano confirmado para el área","HUMAN_ASSIGNMENT_REQUIRED","","OFFICIAL_SOURCES_REQUIRED","BASELINE_PRESENT","lawyer_review_pending",""
"reclamar-deuda-legalmente-honduras","https://www.pinedayasociadoshn.com/blog/derecho-civil/reclamar-deuda-legalmente-honduras","derecho-civil","Cómo reclamar una deuda legalmente en Honduras","cómo cobrar una deuda en honduras","14","0","READY_FOR_LAWYER_REVIEW","Lote prioritario por riesgo, intención, GSC o profundidad","Thania Marlene Paz","Emil Barahona","OFFICIAL_SOURCES_REQUIRED","BASELINE_PRESENT","lawyer_review_pending","civil-notarial","GSC_QUERY_MATCHED"
"como-elegir-abogado-honduras","https://www.pinedayasociadoshn.com/blog/practica-legal/como-elegir-abogado-honduras","practica-legal","Cómo Elegir un Buen Abogado en Honduras","","0","0","HUMAN_ASSIGNMENT_REQUIRED","No existe responsable humano confirmado para el área","HUMAN_ASSIGNMENT_REQUIRED","","OFFICIAL_SOURCES_REQUIRED","BASELINE_PRESENT","lawyer_review_pending",""
"isv-impuesto-venta-tasas-obligaciones-honduras","https://www.pinedayasociadoshn.com/blog/tributario/isv-impuesto-venta-tasas-obligaciones-honduras","tributario","ISV en Honduras: tasas, obligaciones y cómo","","0","0","HUMAN_ASSIGNMENT_REQUIRED","No existe responsable humano confirmado para el área","HUMAN_ASSIGNMENT_REQUIRED","","OFFICIAL_SOURCES_REQUIRED","BASELINE_PRESENT","lawyer_review_pending",""
"evaluacion-impacto-ambiental-honduras","https://www.pinedayasociadoshn.com/blog/derecho-ambiental/evaluacion-impacto-ambiental-honduras","derecho-ambiental","Evaluación de Impacto Ambiental en Honduras","","0","0","HUMAN_ASSIGNMENT_REQUIRED","No existe responsable humano confirmado para el área","HUMAN_ASSIGNMENT_REQUIRED","","OFFICIAL_SOURCES_REQUIRED","BASELINE_PRESENT","lawyer_review_pending",""
"diferencia-denuncia-querella-acusacion-honduras","https://www.pinedayasociadoshn.com/blog/derecho-penal/diferencia-denuncia-querella-acusacion-honduras","derecho-penal","Denuncia vs querella y acusación en Honduras","diferencia denuncia querella acusación honduras","53","1","READY_FOR_LAWYER_REVIEW","Lote prioritario por riesgo, intención, GSC o profundidad","Danilo Pineda Maradiaga","Emil Barahona","OFFICIAL_SOURCES_REQUIRED","BASELINE_PRESENT","lawyer_review_pending","penal","GSC_QUERY_MATCHED"
"contratos-trabajo-tipos-clausulas-honduras","https://www.pinedayasociadoshn.com/blog/derecho-laboral/contratos-trabajo-tipos-clausulas-honduras","derecho-laboral","Contratos de Trabajo en Honduras","","0","0","CONTENT_UPDATE","Sin fuente oficial detectada","Emil Barahona","Thania Marlene Paz","OFFICIAL_SOURCES_REQUIRED","BASELINE_PRESENT","lawyer_review_pending",""
"habeas-corpus-cuando-interponer-honduras","https://www.pinedayasociadoshn.com/blog/proceso-penal/habeas-corpus-cuando-interponer-honduras","proceso-penal","Hábeas Corpus en Honduras: Cómo Interponerlo y Cuándo Procede","que es habeas corpus en honduras","59","0","HUMAN_ASSIGNMENT_REQUIRED","No existe responsable humano confirmado para el área","HUMAN_ASSIGNMENT_REQUIRED","","OFFICIAL_SOURCES_REQUIRED","BASELINE_PRESENT","lawyer_review_pending",""
"importaciones-san-lorenzo","https://www.pinedayasociadoshn.com/blog/derecho-aduanero/importaciones-san-lorenzo","derecho-aduanero","Importaciones en San Lorenzo","aduana de san lorenzo","2","0","HUMAN_ASSIGNMENT_REQUIRED","No existe responsable humano confirmado para el área","HUMAN_ASSIGNMENT_REQUIRED","","OFFICIAL_SOURCES_REQUIRED","BASELINE_PRESENT","lawyer_review_pending",""
"evaluacion-impacto-ambiental-paso-a-paso-honduras","https://www.pinedayasociadoshn.com/blog/derecho-ambiental/evaluacion-impacto-ambiental-paso-a-paso-honduras","derecho-ambiental","Evaluación de impacto ambiental en Honduras: paso a paso","","0","0","HUMAN_ASSIGNMENT_REQUIRED","No existe responsable humano confirmado para el área","HUMAN_ASSIGNMENT_REQUIRED","","OFFICIAL_SOURCES_REQUIRED","SUPERFICIAL","lawyer_review_pending",""
"cuando-necesito-abogado-penalista-honduras","https://www.pinedayasociadoshn.com/blog/derecho-penal/cuando-necesito-abogado-penalista-honduras","derecho-penal","¿Cuándo necesito un abogado penalista en","abogado penalista","2","0","CONTENT_UPDATE","Sin fuente oficial detectada","Danilo Pineda Maradiaga","Emil Barahona","OFFICIAL_SOURCES_REQUIRED","BASELINE_PRESENT","lawyer_review_pending",""
"abogados-en-pespire-choluteca","https://www.pinedayasociadoshn.com/blog/practica-legal/abogados-en-pespire-choluteca","practica-legal","Abogados en Pespire, Honduras: Asesoría Legal en","","0","0","HUMAN_ASSIGNMENT_REQUIRED","No existe responsable humano confirmado para el área","HUMAN_ASSIGNMENT_REQUIRED","","OFFICIAL_SOURCES_REQUIRED","BASELINE_PRESENT","lawyer_review_pending",""
"clausulas-abusivas-contratos-como-detectar-honduras","https://www.pinedayasociadoshn.com/blog/derecho-civil/clausulas-abusivas-contratos-como-detectar-honduras","derecho-civil","Cláusulas abusivas en Honduras","cláusulas abusivas código civil y comercial","1","0","CONTENT_UPDATE","Sin fuente oficial detectada","Thania Marlene Paz","Emil Barahona","OFFICIAL_SOURCES_REQUIRED","BASELINE_PRESENT","lawyer_review_pending",""
"abogado-penalista-sur-honduras","https://www.pinedayasociadoshn.com/blog/derecho-penal/abogado-penalista-sur-honduras","derecho-penal","Abogado Penalista en el Sur de Honduras","","0","0","CONTENT_UPDATE","Sin fuente oficial detectada","Danilo Pineda Maradiaga","Emil Barahona","OFFICIAL_SOURCES_REQUIRED","BASELINE_PRESENT","lawyer_review_pending",""
"importar-mercancias-guia-aduanera","https://www.pinedayasociadoshn.com/blog/derecho-aduanero/importar-mercancias-guia-aduanera","derecho-aduanero","Guía completa para importar a Honduras","","0","0","HUMAN_ASSIGNMENT_REQUIRED","No existe responsable humano confirmado para el área","HUMAN_ASSIGNMENT_REQUIRED","","OFFICIAL_SOURCES_REQUIRED","BASELINE_PRESENT","lawyer_review_pending",""
"arbitraje-honduras-guia-completa","https://www.pinedayasociadoshn.com/blog/conciliacion-arbitraje/arbitraje-honduras-guia-completa","conciliacion-arbitraje","Arbitraje en Honduras: ¿Cuándo Conviene? Todo lo","","0","0","HUMAN_ASSIGNMENT_REQUIRED","No existe responsable humano confirmado para el área","HUMAN_ASSIGNMENT_REQUIRED","","OFFICIAL_SOURCES_REQUIRED","BASELINE_PRESENT","lawyer_review_pending",""
"contratos-franquicia-aspectos","https://www.pinedayasociadoshn.com/blog/derecho-mercantil/contratos-franquicia-aspectos","derecho-mercantil","Contratos de Franquicia en Honduras: Guia Legal","contrato de franquicia honduras","0","0","READY_FOR_LAWYER_REVIEW","Lote prioritario por riesgo, intención, GSC o profundidad","Thania Marlene Paz","Emil Barahona","OFFICIAL_SOURCES_REQUIRED","BASELINE_PRESENT","lawyer_review_pending","mercantil","NO_RELIABLE_GSC_QUERY"
"contratos-arrendamiento-derechos-obligaciones-honduras","https://www.pinedayasociadoshn.com/blog/derecho-civil/contratos-arrendamiento-derechos-obligaciones-honduras","derecho-civil","Contratos de Arrendamiento en Honduras","contrato de arrendamiento honduras","1","0","READY_FOR_LAWYER_REVIEW","Lote prioritario por riesgo, intención, GSC o profundidad","Thania Marlene Paz","Emil Barahona","OFFICIAL_SOURCES_REQUIRED","SUPERFICIAL","lawyer_review_pending","civil-notarial","GSC_QUERY_MATCHED"
"riesgos-profesionales-accidentes","https://www.pinedayasociadoshn.com/blog/derecho-laboral/riesgos-profesionales-accidentes","derecho-laboral","Accidentes Laborales en Honduras: Cobertura Legal","","0","0","CONTENT_UPDATE","Sin fuente oficial detectada","Emil Barahona","Thania Marlene Paz","OFFICIAL_SOURCES_REQUIRED","BASELINE_PRESENT","lawyer_review_pending",""
"abogado-empresas-san-lorenzo","https://www.pinedayasociadoshn.com/blog/derecho-mercantil/abogado-empresas-san-lorenzo","derecho-mercantil","Abogado Empresarial en San Lorenzo","","0","0","CONTENT_UPDATE","Sin fuente oficial detectada","Thania Marlene Paz","Emil Barahona","OFFICIAL_SOURCES_REQUIRED","BASELINE_PRESENT","lawyer_review_pending",""
"derechos-consumidor-financiero-honduras-cnbs","https://www.pinedayasociadoshn.com/blog/derecho-bancario/derechos-consumidor-financiero-honduras-cnbs","derecho-bancario","Derechos del consumidor financiero en Honduras","","0","0","HUMAN_ASSIGNMENT_REQUIRED","No existe responsable humano confirmado para el área","HUMAN_ASSIGNMENT_REQUIRED","","OFFICIAL_SOURCES_REQUIRED","BASELINE_PRESENT","lawyer_review_pending",""
"cobro-deudas-choluteca","https://www.pinedayasociadoshn.com/blog/derecho-civil/cobro-deudas-choluteca","derecho-civil","Cobro Judicial de Deudas en Choluteca","cobro judicial","2","0","CONTENT_UPDATE","Sin fuente oficial detectada","Thania Marlene Paz","Emil Barahona","OFFICIAL_SOURCES_REQUIRED","BASELINE_PRESENT","lawyer_review_pending",""
"problemas-legales-familiares-honduras","https://www.pinedayasociadoshn.com/blog/derecho-de-familia/problemas-legales-familiares-honduras","derecho-de-familia","Problemas legales familiares en Honduras: guía práctica...","","0","0","CONTENT_UPDATE","Sin fuente oficial detectada","Thania Marlene Paz","Emil Barahona","OFFICIAL_SOURCES_REQUIRED","BASELINE_PRESENT","lawyer_review_pending",""
"facturacion-electronica-requisitos-sar","https://www.pinedayasociadoshn.com/blog/tributario/facturacion-electronica-requisitos-sar","tributario","Facturación Electrónica en Honduras","","0","0","HUMAN_ASSIGNMENT_REQUIRED","No existe responsable humano confirmado para el área","HUMAN_ASSIGNMENT_REQUIRED","","OFFICIAL_SOURCES_REQUIRED","BASELINE_PRESENT","lawyer_review_pending",""
"adopcion-requisitos-proceso-honduras","https://www.pinedayasociadoshn.com/blog/derecho-de-familia/adopcion-requisitos-proceso-honduras","derecho-de-familia","Adopción en Honduras: Requisitos y Proceso","","0","0","CONTENT_UPDATE","Sin fuente oficial detectada","Thania Marlene Paz","Emil Barahona","OFFICIAL_SOURCES_REQUIRED","BASELINE_PRESENT","lawyer_review_pending",""
"herencias-honduras-fallece-familiar","https://www.pinedayasociadoshn.com/blog/derecho-civil/herencias-honduras-fallece-familiar","derecho-civil","Herencias en Honduras: ¿qué hacer cuando fallece un...","trámite de herencia honduras","0","0","READY_FOR_LAWYER_REVIEW","Lote prioritario por riesgo, intención, GSC o profundidad","Thania Marlene Paz","Emil Barahona","OFFICIAL_SOURCES_REQUIRED","BASELINE_PRESENT","lawyer_review_pending","civil-notarial","NO_RELIABLE_GSC_QUERY"
"reagrupacion-familiar-hondurenos-espana","https://www.pinedayasociadoshn.com/blog/hondurenos-en-espana/reagrupacion-familiar-hondurenos-espana","hondurenos-en-espana","Reagrupación familiar en España para hondureños","","0","0","HUMAN_ASSIGNMENT_REQUIRED","No existe responsable humano confirmado para el área","HUMAN_ASSIGNMENT_REQUIRED","","OFFICIAL_SOURCES_REQUIRED","BASELINE_PRESENT","lawyer_review_pending",""
"allanamiento-ilegal-violacion-domicilio-honduras","https://www.pinedayasociadoshn.com/blog/derecho-penal/allanamiento-ilegal-violacion-domicilio-honduras","derecho-penal","Allanamiento Ilegal en Honduras - ¿Qué Hacer?","allanamiento ilegal honduras","0","0","READY_FOR_LAWYER_REVIEW","Lote prioritario por riesgo, intención, GSC o profundidad","Danilo Pineda Maradiaga","Emil Barahona","OFFICIAL_SOURCES_REQUIRED","BASELINE_PRESENT","lawyer_review_pending","penal","NO_RELIABLE_GSC_QUERY"
"delitos-ambientales-como-denunciarlos-honduras","https://www.pinedayasociadoshn.com/blog/derecho-ambiental/delitos-ambientales-como-denunciarlos-honduras","derecho-ambiental","Delitos ambientales en Honduras","","0","0","HUMAN_ASSIGNMENT_REQUIRED","No existe responsable humano confirmado para el área","HUMAN_ASSIGNMENT_REQUIRED","","OFFICIAL_SOURCES_REQUIRED","BASELINE_PRESENT","lawyer_review_pending",""
"violencia-domestica-ruta-legal-honduras","https://www.pinedayasociadoshn.com/blog/derecho-penal/violencia-domestica-ruta-legal-honduras","derecho-penal","Violencia Doméstica en Honduras: Cómo Denunciar","","0","0","CONTENT_UPDATE","Sin fuente oficial detectada","Danilo Pineda Maradiaga","Emil Barahona","OFFICIAL_SOURCES_REQUIRED","BASELINE_PRESENT","lawyer_review_pending",""
"divorcio-tipos-requisitos-tiempos-honduras","https://www.pinedayasociadoshn.com/blog/derecho-de-familia/divorcio-tipos-requisitos-tiempos-honduras","derecho-de-familia","Tipos de Divorcio en Honduras: Comparativa de Plazos,...","","0","0","CONTENT_UPDATE","Sin fuente oficial detectada","Thania Marlene Paz","Emil Barahona","OFFICIAL_SOURCES_REQUIRED","BASELINE_PRESENT","lawyer_review_pending",""
"central-riesgos-honduras-consultar-impugnar","https://www.pinedayasociadoshn.com/blog/derecho-bancario/central-riesgos-honduras-consultar-impugnar","derecho-bancario","Central de Riesgos en Honduras","","0","0","HUMAN_ASSIGNMENT_REQUIRED","No existe responsable humano confirmado para el área","HUMAN_ASSIGNMENT_REQUIRED","","OFFICIAL_SOURCES_REQUIRED","BASELINE_PRESENT","lawyer_review_pending",""
"costos-honorarios-abogados-como-funcionan-honduras","https://www.pinedayasociadoshn.com/blog/practica-legal/costos-honorarios-abogados-como-funcionan-honduras","practica-legal","Honorarios de Abogados en Honduras","","0","0","HUMAN_ASSIGNMENT_REQUIRED","No existe responsable humano confirmado para el área","HUMAN_ASSIGNMENT_REQUIRED","","OFFICIAL_SOURCES_REQUIRED","BASELINE_PRESENT","lawyer_review_pending",""
"recursos-sentencia-penal-apelacion-casacion-honduras","https://www.pinedayasociadoshn.com/blog/proceso-penal/recursos-sentencia-penal-apelacion-casacion-honduras","proceso-penal","Recursos contra sentencia penal en Honduras","cuánto tiempo","3","0","HUMAN_ASSIGNMENT_REQUIRED","No existe responsable humano confirmado para el área","HUMAN_ASSIGNMENT_REQUIRED","","OFFICIAL_SOURCES_REQUIRED","SUPERFICIAL","lawyer_review_pending",""
"acoso-laboral-mobbing-honduras","https://www.pinedayasociadoshn.com/blog/derecho-laboral/acoso-laboral-mobbing-honduras","derecho-laboral","Acoso Laboral en Honduras: Cómo Identificarlo y Denunciarlo Legalmente","acoso laboral honduras","0","0","READY_FOR_LAWYER_REVIEW","Lote prioritario por riesgo, intención, GSC o profundidad","Emil Barahona","Thania Marlene Paz","OFFICIAL_SOURCES_REQUIRED","BASELINE_PRESENT","lawyer_review_pending","laboral","NO_RELIABLE_GSC_QUERY"
"derecho-ambiental-honduras","https://www.pinedayasociadoshn.com/blog/derecho-ambiental/derecho-ambiental-honduras","derecho-ambiental","Derecho Ambiental en Honduras: Licencias, Delitos","","0","0","HUMAN_ASSIGNMENT_REQUIRED","No existe responsable humano confirmado para el área","HUMAN_ASSIGNMENT_REQUIRED","","OFFICIAL_SOURCES_REQUIRED","BASELINE_PRESENT","lawyer_review_pending",""
"custodia-hijos-honduras-juez","https://www.pinedayasociadoshn.com/blog/derecho-de-familia/custodia-hijos-honduras-juez","derecho-de-familia","Custodia de Hijos en Honduras 2026","custodia de hijos honduras","7","0","READY_FOR_LAWYER_REVIEW","Lote prioritario por riesgo, intención, GSC o profundidad","Thania Marlene Paz","Emil Barahona","OFFICIAL_SOURCES_REQUIRED","BASELINE_PRESENT","lawyer_review_pending","familia","GSC_QUERY_MATCHED"
"pension-alimenticia-honduras-como-solicitarla","https://www.pinedayasociadoshn.com/blog/derecho-de-familia/pension-alimenticia-honduras-como-solicitarla","derecho-de-familia","Pensión Alimenticia en Honduras: Cómo Solicitarla,...","cómo solicitar pensión alimenticia honduras","20","0","READY_FOR_LAWYER_REVIEW","Lote prioritario por riesgo, intención, GSC o profundidad","Thania Marlene Paz","Emil Barahona","OFFICIAL_SOURCES_REQUIRED","BASELINE_PRESENT","lawyer_review_pending","familia","GSC_QUERY_MATCHED"
"arbitraje-cuando-conviene-como-funciona-honduras","https://www.pinedayasociadoshn.com/blog/conciliacion-arbitraje/arbitraje-cuando-conviene-como-funciona-honduras","conciliacion-arbitraje","Arbitraje en Honduras: cuándo conviene y cómo funciona","","0","0","HUMAN_ASSIGNMENT_REQUIRED","No existe responsable humano confirmado para el área","HUMAN_ASSIGNMENT_REQUIRED","","OFFICIAL_SOURCES_REQUIRED","BASELINE_PRESENT","lawyer_review_pending",""
"jornada-laboral-horas-extra-descansos-honduras","https://www.pinedayasociadoshn.com/blog/derecho-laboral/jornada-laboral-horas-extra-descansos-honduras","derecho-laboral","Jornada Laboral en Honduras: Horas Extra","jornada laboral horas extra honduras","0","0","READY_FOR_LAWYER_REVIEW","Lote prioritario por riesgo, intención, GSC o profundidad","Emil Barahona","Thania Marlene Paz","OFFICIAL_SOURCES_REQUIRED","BASELINE_PRESENT","lawyer_review_pending","laboral","NO_RELIABLE_GSC_QUERY"
"prescripcion-deudas-plazos-honduras","https://www.pinedayasociadoshn.com/blog/derecho-civil/prescripcion-deudas-plazos-honduras","derecho-civil","Prescripción de Deudas en Honduras: Plazos y Requisitos","prescripción de deudas honduras","86","2","READY_FOR_LAWYER_REVIEW","Lote prioritario por riesgo, intención, GSC o profundidad","Thania Marlene Paz","Emil Barahona","OFFICIAL_SOURCES_REQUIRED","BASELINE_PRESENT","lawyer_review_pending","civil-notarial","GSC_QUERY_MATCHED"
"impuesto-renta-personas-fisicas-honduras","https://www.pinedayasociadoshn.com/blog/tributario/impuesto-renta-personas-fisicas-honduras","tributario","ISR para Personas Físicas en Honduras","","0","0","HUMAN_ASSIGNMENT_REQUIRED","No existe responsable humano confirmado para el área","HUMAN_ASSIGNMENT_REQUIRED","","OFFICIAL_SOURCES_REQUIRED","BASELINE_PRESENT","lawyer_review_pending",""
"delitos-mas-comunes-honduras","https://www.pinedayasociadoshn.com/blog/derecho-penal/delitos-mas-comunes-honduras","derecho-penal","Delitos Más Comunes en Honduras: Guía Legal","","0","0","CONTENT_UPDATE","Sin fuente oficial detectada","Danilo Pineda Maradiaga","Emil Barahona","OFFICIAL_SOURCES_REQUIRED","BASELINE_PRESENT","lawyer_review_pending",""
"juicio-oral-etapas-que-esperar-honduras","https://www.pinedayasociadoshn.com/blog/proceso-penal/juicio-oral-etapas-que-esperar-honduras","proceso-penal","Juicio oral en Honduras: etapas y preparación","juicio oral y publico en honduras","6","0","HUMAN_ASSIGNMENT_REQUIRED","No existe responsable humano confirmado para el área","HUMAN_ASSIGNMENT_REQUIRED","","OFFICIAL_SOURCES_REQUIRED","BASELINE_PRESENT","lawyer_review_pending",""
"elegir-tipo-sociedad-empresa-honduras","https://www.pinedayasociadoshn.com/blog/derecho-mercantil/elegir-tipo-sociedad-empresa-honduras","derecho-mercantil","Cómo elegir el tipo de sociedad para su empresa en Honduras","qué tipo de sociedad elegir honduras","0","0","READY_FOR_LAWYER_REVIEW","Lote prioritario por riesgo, intención, GSC o profundidad","Thania Marlene Paz","Emil Barahona","OFFICIAL_SOURCES_REQUIRED","BASELINE_PRESENT","lawyer_review_pending","mercantil","NO_RELIABLE_GSC_QUERY"
"presentar-denuncia-conadeh-honduras","https://www.pinedayasociadoshn.com/blog/derechos-ciudadanos/presentar-denuncia-conadeh-honduras","derechos-ciudadanos","Cómo Presentar una Denuncia ante el CONADEH en","conadeh honduras","1","0","HUMAN_ASSIGNMENT_REQUIRED","No existe responsable humano confirmado para el área","HUMAN_ASSIGNMENT_REQUIRED","","OFFICIAL_SOURCES_REQUIRED","BASELINE_PRESENT","lawyer_review_pending",""
"divorcio-express-mutuo-acuerdo-honduras","https://www.pinedayasociadoshn.com/blog/derecho-de-familia/divorcio-express-mutuo-acuerdo-honduras","derecho-de-familia","Divorcio express por mutuo acuerdo en Honduras","","0","0","CONTENT_UPDATE","Sin fuente oficial detectada","Thania Marlene Paz","Emil Barahona","OFFICIAL_SOURCES_REQUIRED","BASELINE_PRESENT","lawyer_review_pending",""
"elegir-bufete-abogados-nacaome","https://www.pinedayasociadoshn.com/blog/practica-legal/elegir-bufete-abogados-nacaome","practica-legal","Elegir bufete abogados Nacaome: guía práctica","","0","0","HUMAN_ASSIGNMENT_REQUIRED","No existe responsable humano confirmado para el área","HUMAN_ASSIGNMENT_REQUIRED","","OFFICIAL_SOURCES_REQUIRED","BASELINE_PRESENT","lawyer_review_pending",""
"abogado-aduanero-san-lorenzo","https://www.pinedayasociadoshn.com/blog/derecho-aduanero/abogado-aduanero-san-lorenzo","derecho-aduanero","Abogado Aduanero en San Lorenzo, Honduras: Guía","","0","0","HUMAN_ASSIGNMENT_REQUIRED","No existe responsable humano confirmado para el área","HUMAN_ASSIGNMENT_REQUIRED","","OFFICIAL_SOURCES_REQUIRED","BASELINE_PRESENT","lawyer_review_pending",""
"audiencia-inicial-proceso-penal-honduras","https://www.pinedayasociadoshn.com/blog/derecho-penal/audiencia-inicial-proceso-penal-honduras","derecho-penal","Audiencia inicial en Honduras: proceso y decisiones","audiencia inicial proceso penal honduras","0","0","READY_FOR_LAWYER_REVIEW","Lote prioritario por riesgo, intención, GSC o profundidad","Danilo Pineda Maradiaga","Emil Barahona","OFFICIAL_SOURCES_REQUIRED","BASELINE_PRESENT","lawyer_review_pending","penal","NO_RELIABLE_GSC_QUERY"
"ejecucion-hipotecaria-que-hacer-honduras","https://www.pinedayasociadoshn.com/blog/derecho-bancario/ejecucion-hipotecaria-que-hacer-honduras","derecho-bancario","Ejecución hipotecaria en Honduras: qué hacer ante una demanda","","0","0","HUMAN_ASSIGNMENT_REQUIRED","No existe responsable humano confirmado para el área","HUMAN_ASSIGNMENT_REQUIRED","","OFFICIAL_SOURCES_REQUIRED","BASELINE_PRESENT","lawyer_review_pending",""
"despido-empleados-publicos-procedencia-defensa-honduras","https://www.pinedayasociadoshn.com/blog/derecho-administrativo/despido-empleados-publicos-procedencia-defensa-honduras","derecho-administrativo","Despido de Empleados Públicos en Honduras: Procedencia y Defensa","","0","0","FULL_REWRITE","Contenido inferior a 600 palabras","Thania Marlene Paz","Emil Barahona","OFFICIAL_SOURCES_REQUIRED","SUPERFICIAL","lawyer_review_pending",""
"derechos-del-detenido-guia-constitucional-honduras","https://www.pinedayasociadoshn.com/blog/derechos-ciudadanos/derechos-del-detenido-guia-constitucional-honduras","derechos-ciudadanos","Derechos del detenido en Honduras: guía constitucional completa","","0","0","HUMAN_ASSIGNMENT_REQUIRED","No existe responsable humano confirmado para el área","HUMAN_ASSIGNMENT_REQUIRED","","OFFICIAL_SOURCES_REQUIRED","SUPERFICIAL","lawyer_review_pending",""
"derechos-consumidor-financiero-cnbs-honduras","https://www.pinedayasociadoshn.com/blog/derecho-bancario/derechos-consumidor-financiero-cnbs-honduras","derecho-bancario","Derechos del consumidor financiero en Honduras: guía CNBS","","0","0","HUMAN_ASSIGNMENT_REQUIRED","No existe responsable humano confirmado para el área","HUMAN_ASSIGNMENT_REQUIRED","","OFFICIAL_SOURCES_REQUIRED","BASELINE_PRESENT","lawyer_review_pending",""
"union-de-hecho-requisitos-derechos-honduras","https://www.pinedayasociadoshn.com/blog/derecho-de-familia/union-de-hecho-requisitos-derechos-honduras","derecho-de-familia","Unión de Hecho en Honduras: Requisitos, Derechos","unión de hecho honduras requisitos","0","0","READY_FOR_LAWYER_REVIEW","Lote prioritario por riesgo, intención, GSC o profundidad","Thania Marlene Paz","Emil Barahona","OFFICIAL_SOURCES_REQUIRED","BASELINE_PRESENT","lawyer_review_pending","familia","NO_RELIABLE_GSC_QUERY"
"hondurenos-en-espana-guia-legal-completa","https://www.pinedayasociadoshn.com/blog/hondurenos-en-espana/hondurenos-en-espana-guia-legal-completa","hondurenos-en-espana","Hondureños en España: guía legal completa para migrantes","","0","0","HUMAN_ASSIGNMENT_REQUIRED","No existe responsable humano confirmado para el área","HUMAN_ASSIGNMENT_REQUIRED","","OFFICIAL_SOURCES_REQUIRED","SUPERFICIAL","lawyer_review_pending",""
"abogados-en-amapala-valle","https://www.pinedayasociadoshn.com/blog/practica-legal/abogados-en-amapala-valle","practica-legal","Abogados en Amapala, Honduras: Guía Legal","","0","0","HUMAN_ASSIGNMENT_REQUIRED","No existe responsable humano confirmado para el área","HUMAN_ASSIGNMENT_REQUIRED","","OFFICIAL_SOURCES_REQUIRED","BASELINE_PRESENT","lawyer_review_pending",""
"registrar-marca-paso-a-paso-honduras","https://www.pinedayasociadoshn.com/blog/propiedad-intelectual/registrar-marca-paso-a-paso-honduras","propiedad-intelectual","Registrar una Marca en Honduras: El Proceso Real ante...","","0","0","HUMAN_ASSIGNMENT_REQUIRED","No existe responsable humano confirmado para el área","HUMAN_ASSIGNMENT_REQUIRED","","OFFICIAL_SOURCES_REQUIRED","BASELINE_PRESENT","lawyer_review_pending",""
"derecho-de-peticion-instituciones-honduras","https://www.pinedayasociadoshn.com/blog/derechos-ciudadanos/derecho-de-peticion-instituciones-honduras","derechos-ciudadanos","Derecho de Petición en Honduras","","0","0","HUMAN_ASSIGNMENT_REQUIRED","No existe responsable humano confirmado para el área","HUMAN_ASSIGNMENT_REQUIRED","","OFFICIAL_SOURCES_REQUIRED","BASELINE_PRESENT","lawyer_review_pending",""
"asuntos-familiares-honduras-espana","https://www.pinedayasociadoshn.com/blog/hondurenos-en-espana/asuntos-familiares-honduras-espana","hondurenos-en-espana","Resuelve asuntos familiares en Honduras desde","","0","0","HUMAN_ASSIGNMENT_REQUIRED","No existe responsable humano confirmado para el área","HUMAN_ASSIGNMENT_REQUIRED","","OFFICIAL_SOURCES_REQUIRED","BASELINE_PRESENT","lawyer_review_pending",""
"sar-notifica-fiscalizacion-que-hacer-honduras","https://www.pinedayasociadoshn.com/blog/tributario/sar-notifica-fiscalizacion-que-hacer-honduras","tributario","Fiscalización del SAR en Honduras: Cómo Responder","honuras","1","0","HUMAN_ASSIGNMENT_REQUIRED","No existe responsable humano confirmado para el área","HUMAN_ASSIGNMENT_REQUIRED","","OFFICIAL_SOURCES_REQUIRED","BASELINE_PRESENT","lawyer_review_pending",""
"recurso-de-amparo-para-que-sirve-honduras","https://www.pinedayasociadoshn.com/blog/derecho-administrativo/recurso-de-amparo-para-que-sirve-honduras","derecho-administrativo","Recurso de amparo en Honduras: para qué sirve y cómo se interpone","","0","0","CONTENT_UPDATE","Sin fuente oficial detectada","Thania Marlene Paz","Emil Barahona","OFFICIAL_SOURCES_REQUIRED","BASELINE_PRESENT","lawyer_review_pending",""
"etapa-investigacion-proceso-penal-honduras","https://www.pinedayasociadoshn.com/blog/proceso-penal/etapa-investigacion-proceso-penal-honduras","proceso-penal","Investigación Penal en Honduras","cuanto dura una investigacion","2","0","HUMAN_ASSIGNMENT_REQUIRED","No existe responsable humano confirmado para el área","HUMAN_ASSIGNMENT_REQUIRED","","OFFICIAL_SOURCES_REQUIRED","BASELINE_PRESENT","lawyer_review_pending",""
"tributar-espana-bienes-guia","https://www.pinedayasociadoshn.com/blog/hondurenos-en-espana/tributar-espana-bienes-guia","hondurenos-en-espana","Tributar en España con bienes en Honduras","","0","0","HUMAN_ASSIGNMENT_REQUIRED","No existe responsable humano confirmado para el área","HUMAN_ASSIGNMENT_REQUIRED","","OFFICIAL_SOURCES_REQUIRED","BASELINE_PRESENT","lawyer_review_pending",""
"lavado-activos-obligaciones","https://www.pinedayasociadoshn.com/blog/practica-legal/lavado-activos-obligaciones","practica-legal","Lavado de Activos en Honduras: Obligaciones","","0","0","HUMAN_ASSIGNMENT_REQUIRED","No existe responsable humano confirmado para el área","HUMAN_ASSIGNMENT_REQUIRED","","OFFICIAL_SOURCES_REQUIRED","BASELINE_PRESENT","lawyer_review_pending",""
"antejuicio-en-honduras","https://www.pinedayasociadoshn.com/blog/derecho-penal/antejuicio-en-honduras","derecho-penal","Antejuicio en Honduras: qué es","que es el antejuicio","5","0","CONTENT_UPDATE","Sin fuente oficial detectada","Danilo Pineda Maradiaga","Emil Barahona","OFFICIAL_SOURCES_REQUIRED","BASELINE_PRESENT","lawyer_review_pending",""
"responsabilidad-medica-mala-praxis-honduras","https://www.pinedayasociadoshn.com/blog/regulacion-sanitaria/responsabilidad-medica-mala-praxis-honduras","regulacion-sanitaria","Mala Praxis Medica en Honduras","dental lawyer near me","2","0","HUMAN_ASSIGNMENT_REQUIRED","No existe responsable humano confirmado para el área","HUMAN_ASSIGNMENT_REQUIRED","","OFFICIAL_SOURCES_REQUIRED","BASELINE_PRESENT","lawyer_review_pending",""
"estafas-fraudes-tipos-penales-honduras","https://www.pinedayasociadoshn.com/blog/derecho-penal/estafas-fraudes-tipos-penales-honduras","derecho-penal","Estafas en Honduras: Tipos Penales","delito de estafa en honduras","28","0","READY_FOR_LAWYER_REVIEW","Lote prioritario por riesgo, intención, GSC o profundidad","Danilo Pineda Maradiaga","Emil Barahona","OFFICIAL_SOURCES_REQUIRED","BASELINE_PRESENT","lawyer_review_pending","penal","GSC_QUERY_MATCHED"
"fianza-medidas-cautelares-proceso-penal-honduras","https://www.pinedayasociadoshn.com/blog/derecho-penal/fianza-medidas-cautelares-proceso-penal-honduras","derecho-penal","Fianzas y Medidas Cautelares en el Proceso Penal","medidas cautelares proceso penal honduras","2","0","READY_FOR_LAWYER_REVIEW","Lote prioritario por riesgo, intención, GSC o profundidad","Danilo Pineda Maradiaga","Emil Barahona","OFFICIAL_SOURCES_REQUIRED","BASELINE_PRESENT","lawyer_review_pending","penal","GSC_QUERY_MATCHED"
"guia-aduanera-importaciones-honduras","https://www.pinedayasociadoshn.com/blog/derecho-aduanero/guia-aduanera-importaciones-honduras","derecho-aduanero","Importaciones en Honduras: guía aduanera","","0","0","HUMAN_ASSIGNMENT_REQUIRED","No existe responsable humano confirmado para el área","HUMAN_ASSIGNMENT_REQUIRED","","OFFICIAL_SOURCES_REQUIRED","BASELINE_PRESENT","lawyer_review_pending",""
"actualizacion-legislativa-mensual-honduras","https://www.pinedayasociadoshn.com/blog/noticias-legales/actualizacion-legislativa-mensual-honduras","noticias-legales","¿Qué dice la ley hondureña sobre...? Actualización legislativa mensual","","0","0","HUMAN_ASSIGNMENT_REQUIRED","No existe responsable humano confirmado para el área","HUMAN_ASSIGNMENT_REQUIRED","","OFFICIAL_SOURCES_REQUIRED","BASELINE_PRESENT","lawyer_review_pending",""
"danos-perjuicios-indemnizacion-honduras","https://www.pinedayasociadoshn.com/blog/derecho-civil/danos-perjuicios-indemnizacion-honduras","derecho-civil","Daños y Perjuicios en Honduras: Demanda e Indemnización","daños y perjuicios honduras","80","3","READY_FOR_LAWYER_REVIEW","Lote prioritario por riesgo, intención, GSC o profundidad","Thania Marlene Paz","Emil Barahona","OFFICIAL_SOURCES_REQUIRED","BASELINE_PRESENT","lawyer_review_pending","civil-notarial","GSC_QUERY_MATCHED"
"patentes-requisitos-proceso-solicitud-honduras","https://www.pinedayasociadoshn.com/blog/propiedad-intelectual/patentes-requisitos-proceso-solicitud-honduras","propiedad-intelectual","Patentes en Honduras: Requisitos y Costos","","0","0","HUMAN_ASSIGNMENT_REQUIRED","No existe responsable humano confirmado para el área","HUMAN_ASSIGNMENT_REQUIRED","","OFFICIAL_SOURCES_REQUIRED","BASELINE_PRESENT","lawyer_review_pending",""
"violencia-intrafamiliar-denuncia-proteccion-honduras","https://www.pinedayasociadoshn.com/blog/derecho-de-familia/violencia-intrafamiliar-denuncia-proteccion-honduras","derecho-de-familia","Violencia intrafamiliar: cómo denunciar y obtener protección legal","denuncia violencia intrafamiliar honduras","0","0","READY_FOR_LAWYER_REVIEW","Lote prioritario por riesgo, intención, GSC o profundidad","Thania Marlene Paz","Danilo Pineda Maradiaga","OFFICIAL_SOURCES_REQUIRED","SUPERFICIAL","lawyer_review_pending","familia","NO_RELIABLE_GSC_QUERY"
"banco-demanda-deuda-defensa-opciones-honduras","https://www.pinedayasociadoshn.com/blog/derecho-bancario/banco-demanda-deuda-defensa-opciones-honduras","derecho-bancario","Demanda Bancaria en Honduras: 6 Defensas y Opciones Legales Frente al Banco","","0","0","HUMAN_ASSIGNMENT_REQUIRED","No existe responsable humano confirmado para el área","HUMAN_ASSIGNMENT_REQUIRED","","OFFICIAL_SOURCES_REQUIRED","BASELINE_PRESENT","lawyer_review_pending",""
"competencia-desleal-como-denunciar-honduras","https://www.pinedayasociadoshn.com/blog/derecho-mercantil/competencia-desleal-como-denunciar-honduras","derecho-mercantil","Competencia Desleal en Honduras","competencia desleal honduras","42","5","READY_FOR_LAWYER_REVIEW","Lote prioritario por riesgo, intención, GSC o profundidad","Thania Marlene Paz","Emil Barahona","OFFICIAL_SOURCES_REQUIRED","BASELINE_PRESENT","lawyer_review_pending","mercantil","GSC_QUERY_MATCHED"
"importar-china-guia-aduanera","https://www.pinedayasociadoshn.com/blog/derecho-aduanero/importar-china-guia-aduanera","derecho-aduanero","Importar desde China a Honduras: Guía Legal","","0","0","HUMAN_ASSIGNMENT_REQUIRED","No existe responsable humano confirmado para el área","HUMAN_ASSIGNMENT_REQUIRED","","OFFICIAL_SOURCES_REQUIRED","BASELINE_PRESENT","lawyer_review_pending",""
"abogados-en-nacaome","https://www.pinedayasociadoshn.com/blog/practica-legal/abogados-en-nacaome","practica-legal","Abogados en Nacaome, Valle: 15 Años de","","0","0","HUMAN_ASSIGNMENT_REQUIRED","No existe responsable humano confirmado para el área","HUMAN_ASSIGNMENT_REQUIRED","","OFFICIAL_SOURCES_REQUIRED","BASELINE_PRESENT","lawyer_review_pending",""
"usucapion-prescripcion-adquisitiva-honduras","https://www.pinedayasociadoshn.com/blog/derecho-civil/usucapion-prescripcion-adquisitiva-honduras","derecho-civil","Usucapión en Honduras: cómo adquirir una","","0","0","CONTENT_UPDATE","Sin fuente oficial detectada","Thania Marlene Paz","Emil Barahona","OFFICIAL_SOURCES_REQUIRED","BASELINE_PRESENT","lawyer_review_pending",""
"divorcio-honduras-pasos-requisitos","https://www.pinedayasociadoshn.com/blog/derecho-de-familia/divorcio-honduras-pasos-requisitos","derecho-de-familia","Divorcio en Honduras: pasos, requisitos y consejos legales","","0","0","CONTENT_UPDATE","Sin fuente oficial detectada","Thania Marlene Paz","Emil Barahona","OFFICIAL_SOURCES_REQUIRED","BASELINE_PRESENT","lawyer_review_pending",""
"tipos-sociedad-mercantil-honduras","https://www.pinedayasociadoshn.com/blog/derecho-mercantil/tipos-sociedad-mercantil-honduras","derecho-mercantil","Tipos de Sociedad Mercantil en Honduras","tipos de sociedades mercantiles honduras","0","0","READY_FOR_LAWYER_REVIEW","Lote prioritario por riesgo, intención, GSC o profundidad","Thania Marlene Paz","Emil Barahona","OFFICIAL_SOURCES_REQUIRED","BASELINE_PRESENT","lawyer_review_pending","mercantil","NO_RELIABLE_GSC_QUERY"
"compraventa-inmuebles-aspectos-legales-honduras","https://www.pinedayasociadoshn.com/blog/derecho-civil/compraventa-inmuebles-aspectos-legales-honduras","derecho-civil","Compraventa de Inmuebles en Honduras","compraventa de inmueble honduras","0","0","READY_FOR_LAWYER_REVIEW","Lote prioritario por riesgo, intención, GSC o profundidad","Thania Marlene Paz","Emil Barahona","OFFICIAL_SOURCES_REQUIRED","BASELINE_PRESENT","lawyer_review_pending","civil-notarial","NO_RELIABLE_GSC_QUERY"
"registrar-marca-honduras-paso-a-paso","https://www.pinedayasociadoshn.com/blog/propiedad-intelectual/registrar-marca-honduras-paso-a-paso","propiedad-intelectual","Registrar una Marca en Honduras","","0","0","HUMAN_ASSIGNMENT_REQUIRED","No existe responsable humano confirmado para el área","HUMAN_ASSIGNMENT_REQUIRED","","OFFICIAL_SOURCES_REQUIRED","BASELINE_PRESENT","lawyer_review_pending",""
"como-obtener-rtn-personas-empresas-honduras","https://www.pinedayasociadoshn.com/blog/practica-legal/como-obtener-rtn-personas-empresas-honduras","practica-legal","RTN en Honduras: Guía para Obtenerlo y Requisitos","","0","0","HUMAN_ASSIGNMENT_REQUIRED","No existe responsable humano confirmado para el área","HUMAN_ASSIGNMENT_REQUIRED","","OFFICIAL_SOURCES_REQUIRED","BASELINE_PRESENT","lawyer_review_pending",""
"como-elegir-buen-abogado-guia-practica-honduras","https://www.pinedayasociadoshn.com/blog/practica-legal/como-elegir-buen-abogado-guia-practica-honduras","practica-legal","Cómo Elegir un Buen Abogado en Honduras: 8 Criterios Que...","","0","0","HUMAN_ASSIGNMENT_REQUIRED","No existe responsable humano confirmado para el área","HUMAN_ASSIGNMENT_REQUIRED","","OFFICIAL_SOURCES_REQUIRED","BASELINE_PRESENT","lawyer_review_pending",""
"contratos-confidencialidad-nda-secreto-comercial-honduras","https://www.pinedayasociadoshn.com/blog/propiedad-intelectual/contratos-confidencialidad-nda-secreto-comercial-honduras","propiedad-intelectual","Contratos de confidencialidad (NDA)","","0","0","HUMAN_ASSIGNMENT_REQUIRED","No existe responsable humano confirmado para el área","HUMAN_ASSIGNMENT_REQUIRED","","OFFICIAL_SOURCES_REQUIRED","BASELINE_PRESENT","lawyer_review_pending",""
"permiso-trabajo-extranjeros-honduras","https://www.pinedayasociadoshn.com/blog/extranjeria-migracion/permiso-trabajo-extranjeros-honduras","extranjeria-migracion","Permiso de Trabajo en Honduras","","0","0","HUMAN_ASSIGNMENT_REQUIRED","No existe responsable humano confirmado para el área","HUMAN_ASSIGNMENT_REQUIRED","","OFFICIAL_SOURCES_REQUIRED","BASELINE_PRESENT","lawyer_review_pending",""
"libertad-expresion-redes-sociales-honduras","https://www.pinedayasociadoshn.com/blog/derechos-ciudadanos/libertad-expresion-redes-sociales-honduras","derechos-ciudadanos","Libertad de expresión en redes","","0","0","HUMAN_ASSIGNMENT_REQUIRED","No existe responsable humano confirmado para el área","HUMAN_ASSIGNMENT_REQUIRED","","OFFICIAL_SOURCES_REQUIRED","BASELINE_PRESENT","lawyer_review_pending",""
"poder-desde-espana-para-tramites-honduras","https://www.pinedayasociadoshn.com/blog/hondurenos-en-espana/poder-desde-espana-para-tramites-honduras","hondurenos-en-espana","Poder desde Espana para Tramites en Honduras","","0","0","HUMAN_ASSIGNMENT_REQUIRED","No existe responsable humano confirmado para el área","HUMAN_ASSIGNMENT_REQUIRED","","OFFICIAL_SOURCES_REQUIRED","BASELINE_PRESENT","lawyer_review_pending",""
"elegir-bufete-multidisciplinario-ventajas-honduras","https://www.pinedayasociadoshn.com/blog/practica-legal/elegir-bufete-multidisciplinario-ventajas-honduras","practica-legal","Bufete Multidisciplinario vs Especializado en","","0","0","HUMAN_ASSIGNMENT_REQUIRED","No existe responsable humano confirmado para el área","HUMAN_ASSIGNMENT_REQUIRED","","OFFICIAL_SOURCES_REQUIRED","BASELINE_PRESENT","lawyer_review_pending",""
"divorcio-honduras-guia-completa","https://www.pinedayasociadoshn.com/blog/derecho-de-familia/divorcio-honduras-guia-completa","derecho-de-familia","Divorcio en Honduras: 3 vías, requisitos y plazos","divorcio en honduras requisitos","82","0","READY_FOR_LAWYER_REVIEW","Lote prioritario por riesgo, intención, GSC o profundidad","Thania Marlene Paz","Emil Barahona","OFFICIAL_SOURCES_REQUIRED","BASELINE_PRESENT","lawyer_review_pending","familia","GSC_QUERY_MATCHED"
"constituir-empresa-guia-paso-a-paso-honduras","https://www.pinedayasociadoshn.com/blog/practica-legal/constituir-empresa-guia-paso-a-paso-honduras","practica-legal","Constituir una empresa en Honduras","","0","0","HUMAN_ASSIGNMENT_REQUIRED","No existe responsable humano confirmado para el área","HUMAN_ASSIGNMENT_REQUIRED","","OFFICIAL_SOURCES_REQUIRED","BASELINE_PRESENT","lawyer_review_pending",""
"hondurenos-espana-documentos","https://www.pinedayasociadoshn.com/blog/hondurenos-en-espana/hondurenos-espana-documentos","hondurenos-en-espana","Documentos legales hondureños desde España","","0","0","HUMAN_ASSIGNMENT_REQUIRED","No existe responsable humano confirmado para el área","HUMAN_ASSIGNMENT_REQUIRED","","OFFICIAL_SOURCES_REQUIRED","BASELINE_PRESENT","lawyer_review_pending",""
"defensa-penal-menores-edad-honduras","https://www.pinedayasociadoshn.com/blog/derecho-penal/defensa-penal-menores-edad-honduras","derecho-penal","Defensa Penal Juvenil en Honduras: Guía Completa","penal de menores","3","0","CONTENT_UPDATE","Sin fuente oficial detectada","Danilo Pineda Maradiaga","Emil Barahona","OFFICIAL_SOURCES_REQUIRED","BASELINE_PRESENT","lawyer_review_pending",""
"demanda-laboral-choluteca","https://www.pinedayasociadoshn.com/blog/derecho-laboral/demanda-laboral-choluteca","derecho-laboral","Demanda Laboral en Choluteca (Honduras)","","0","0","CONTENT_UPDATE","Sin fuente oficial detectada","Emil Barahona","Thania Marlene Paz","OFFICIAL_SOURCES_REQUIRED","BASELINE_PRESENT","lawyer_review_pending",""
"defensa-penal-honduras","https://www.pinedayasociadoshn.com/blog/derecho-penal/defensa-penal-honduras","derecho-penal","Defensa penal en Honduras: primeras 24 horas","","0","0","CONTENT_UPDATE","Sin fuente oficial detectada","Danilo Pineda Maradiaga","Emil Barahona","OFFICIAL_SOURCES_REQUIRED","BASELINE_PRESENT","lawyer_review_pending",""
"preguntas-frecuentes-antes-contratar-abogado-honduras","https://www.pinedayasociadoshn.com/blog/practica-legal/preguntas-frecuentes-antes-contratar-abogado-honduras","practica-legal","10 preguntas que debe hacer antes de contratar","","0","0","HUMAN_ASSIGNMENT_REQUIRED","No existe responsable humano confirmado para el área","HUMAN_ASSIGNMENT_REQUIRED","","OFFICIAL_SOURCES_REQUIRED","BASELINE_PRESENT","lawyer_review_pending",""
"abogados-en-choluteca","https://www.pinedayasociadoshn.com/blog/practica-legal/abogados-en-choluteca","practica-legal","Abogados en Choluteca","","0","0","HUMAN_ASSIGNMENT_REQUIRED","No existe responsable humano confirmado para el área","HUMAN_ASSIGNMENT_REQUIRED","","OFFICIAL_SOURCES_REQUIRED","BASELINE_PRESENT","lawyer_review_pending",""
"derechos-trabajadora-embarazada-honduras","https://www.pinedayasociadoshn.com/blog/derecho-laboral/derechos-trabajadora-embarazada-honduras","derecho-laboral","Despido por Embarazo en Honduras","derechos trabajadora embarazada honduras","15","0","READY_FOR_LAWYER_REVIEW","Lote prioritario por riesgo, intención, GSC o profundidad","Emil Barahona","Thania Marlene Paz","OFFICIAL_SOURCES_REQUIRED","BASELINE_PRESENT","lawyer_review_pending","laboral","GSC_QUERY_MATCHED"
"empleador-no-paga-salario-honduras","https://www.pinedayasociadoshn.com/blog/derecho-laboral/empleador-no-paga-salario-honduras","derecho-laboral","¿Qué hacer si mi empleador no me paga en","empleador no paga salario honduras","3","0","READY_FOR_LAWYER_REVIEW","Lote prioritario por riesgo, intención, GSC o profundidad","Emil Barahona","Thania Marlene Paz","OFFICIAL_SOURCES_REQUIRED","BASELINE_PRESENT","lawyer_review_pending","laboral","GSC_QUERY_MATCHED"
"proceso-consulta-legal-pineda","https://www.pinedayasociadoshn.com/blog/practica-legal/proceso-consulta-legal-pineda","practica-legal","Cómo preparar tu consulta legal en Honduras","","0","0","HUMAN_ASSIGNMENT_REQUIRED","No existe responsable humano confirmado para el área","HUMAN_ASSIGNMENT_REQUIRED","","OFFICIAL_SOURCES_REQUIRED","BASELINE_PRESENT","lawyer_review_pending",""
"errores-contratos-civiles-honduras","https://www.pinedayasociadoshn.com/blog/derecho-civil/errores-contratos-civiles-honduras","derecho-civil","Redactar Contratos en Honduras","","0","0","CONTENT_UPDATE","Sin fuente oficial detectada","Thania Marlene Paz","Emil Barahona","OFFICIAL_SOURCES_REQUIRED","BASELINE_PRESENT","lawyer_review_pending",""
"recurso-de-amparo-honduras-guia-completa","https://www.pinedayasociadoshn.com/blog/derecho-administrativo/recurso-de-amparo-honduras-guia-completa","derecho-administrativo","Recurso de Amparo en Honduras: Guía Completa y Procedimiento Actualizado","recurso de amparo honduras","3","1","CONTENT_UPDATE","Sin fuente oficial detectada","Thania Marlene Paz","Emil Barahona","OFFICIAL_SOURCES_REQUIRED","BASELINE_PRESENT","lawyer_review_pending",""
"despido-injustificado-honduras-derechos-trabajador","https://www.pinedayasociadoshn.com/blog/derecho-laboral/despido-injustificado-honduras-derechos-trabajador","derecho-laboral","Despido Injustificado en Honduras","derechos por despido injustificado honduras","0","0","READY_FOR_LAWYER_REVIEW","Lote prioritario por riesgo, intención, GSC o profundidad","Emil Barahona","Thania Marlene Paz","OFFICIAL_SOURCES_REQUIRED","BASELINE_PRESENT","lawyer_review_pending","laboral","NO_RELIABLE_GSC_QUERY"
"herencias-transfronterizas-bienes","https://www.pinedayasociadoshn.com/blog/hondurenos-en-espana/herencias-transfronterizas-bienes","hondurenos-en-espana","Herencia Transfronteriza Honduras-España","","0","0","HUMAN_ASSIGNMENT_REQUIRED","No existe responsable humano confirmado para el área","HUMAN_ASSIGNMENT_REQUIRED","","OFFICIAL_SOURCES_REQUIRED","SUPERFICIAL","lawyer_review_pending",""
"abogado-laboral-choluteca","https://www.pinedayasociadoshn.com/blog/derecho-laboral/abogado-laboral-choluteca","derecho-laboral","Abogado Laboral en Choluteca, Honduras: Despidos","","0","0","CONTENT_UPDATE","Sin fuente oficial detectada","Emil Barahona","Thania Marlene Paz","OFFICIAL_SOURCES_REQUIRED","BASELINE_PRESENT","lawyer_review_pending",""
"accidente-transito-choluteca","https://www.pinedayasociadoshn.com/blog/derecho-civil/accidente-transito-choluteca","derecho-civil","Accidente de Tránsito en Choluteca","","0","0","CONTENT_UPDATE","Sin fuente oficial detectada","Thania Marlene Paz","Emil Barahona","OFFICIAL_SOURCES_REQUIRED","BASELINE_PRESENT","lawyer_review_pending",""
"tramites-legales-nacaome","https://www.pinedayasociadoshn.com/blog/practica-legal/tramites-legales-nacaome","practica-legal","Trámites Legales en Nacaome: Poderes","","0","0","HUMAN_ASSIGNMENT_REQUIRED","No existe responsable humano confirmado para el área","HUMAN_ASSIGNMENT_REQUIRED","","OFFICIAL_SOURCES_REQUIRED","BASELINE_PRESENT","lawyer_review_pending",""
"despido-laboral-honduras-guia-completa","https://www.pinedayasociadoshn.com/blog/derecho-laboral/despido-laboral-honduras-guia-completa","derecho-laboral","Despido Laboral en Honduras: Guia de","despido injustificado honduras","21","1","READY_FOR_LAWYER_REVIEW","Lote prioritario por riesgo, intención, GSC o profundidad","Emil Barahona","Thania Marlene Paz","OFFICIAL_SOURCES_REQUIRED","BASELINE_PRESENT","lawyer_review_pending","laboral","GSC_QUERY_MATCHED"
"abogado-penalista-choluteca","https://www.pinedayasociadoshn.com/blog/derecho-penal/abogado-penalista-choluteca","derecho-penal","Abogado Penalista en Choluteca","","0","0","CONTENT_UPDATE","Sin fuente oficial detectada","Danilo Pineda Maradiaga","Emil Barahona","OFFICIAL_SOURCES_REQUIRED","BASELINE_PRESENT","lawyer_review_pending",""
"calcular-liquidacion-laboral-honduras","https://www.pinedayasociadoshn.com/blog/derecho-laboral/calcular-liquidacion-laboral-honduras","derecho-laboral","Liquidación Laboral en Honduras","liquidación laboral honduras","0","0","READY_FOR_LAWYER_REVIEW","Lote prioritario por riesgo, intención, GSC o profundidad","Emil Barahona","Thania Marlene Paz","OFFICIAL_SOURCES_REQUIRED","BASELINE_PRESENT","lawyer_review_pending","laboral","NO_RELIABLE_GSC_QUERY"
"pension-alimenticia-honduras-guia-completa","https://www.pinedayasociadoshn.com/blog/derecho-de-familia/pension-alimenticia-honduras-guia-completa","derecho-de-familia","Pensión alimenticia en Honduras: requisitos y pasos","pensión alimenticia honduras requisitos","145","1","READY_FOR_LAWYER_REVIEW","Lote prioritario por riesgo, intención, GSC o profundidad","Thania Marlene Paz","Emil Barahona","OFFICIAL_SOURCES_REQUIRED","BASELINE_PRESENT","lawyer_review_pending","familia","GSC_QUERY_MATCHED"
"abogados-en-marcovia-choluteca","https://www.pinedayasociadoshn.com/blog/practica-legal/abogados-en-marcovia-choluteca","practica-legal","Abogados en Marcovia, Choluteca","","0","0","HUMAN_ASSIGNMENT_REQUIRED","No existe responsable humano confirmado para el área","HUMAN_ASSIGNMENT_REQUIRED","","OFFICIAL_SOURCES_REQUIRED","BASELINE_PRESENT","lawyer_review_pending",""
"calcular-prestaciones-laborales-honduras","https://www.pinedayasociadoshn.com/blog/derecho-laboral/calcular-prestaciones-laborales-honduras","derecho-laboral","Calcula tus prestaciones laborales en Honduras","calcular prestaciones laborales honduras","0","0","READY_FOR_LAWYER_REVIEW","Lote prioritario por riesgo, intención, GSC o profundidad","Emil Barahona","Thania Marlene Paz","OFFICIAL_SOURCES_REQUIRED","BASELINE_PRESENT","lawyer_review_pending","laboral","NO_RELIABLE_GSC_QUERY"
"como-preparar-demanda-guia-no-abogados-honduras","https://www.pinedayasociadoshn.com/blog/practica-legal/como-preparar-demanda-guia-no-abogados-honduras","practica-legal","Cómo redactar una demanda en Honduras (sin","","0","0","HUMAN_ASSIGNMENT_REQUIRED","No existe responsable humano confirmado para el área","HUMAN_ASSIGNMENT_REQUIRED","","OFFICIAL_SOURCES_REQUIRED","BASELINE_PRESENT","lawyer_review_pending",""
"contratos-mercantiles-esenciales-empresas-honduras","https://www.pinedayasociadoshn.com/blog/derecho-mercantil/contratos-mercantiles-esenciales-empresas-honduras","derecho-mercantil","Contratos Mercantiles en Honduras: 5 Esenciales","contratos mercantiles para empresas honduras","4","0","READY_FOR_LAWYER_REVIEW","Lote prioritario por riesgo, intención, GSC o profundidad","Thania Marlene Paz","Emil Barahona","OFFICIAL_SOURCES_REQUIRED","BASELINE_PRESENT","lawyer_review_pending","mercantil","GSC_QUERY_MATCHED"
"derechos-indigenas-consulta-previa-honduras","https://www.pinedayasociadoshn.com/blog/derecho-ambiental/derechos-indigenas-consulta-previa-honduras","derecho-ambiental","Guía completa de derechos indígenas y consulta","","0","0","HUMAN_ASSIGNMENT_REQUIRED","No existe responsable humano confirmado para el área","HUMAN_ASSIGNMENT_REQUIRED","","OFFICIAL_SOURCES_REQUIRED","BASELINE_PRESENT","lawyer_review_pending",""
"visas-inversion-rentista-pensionado","https://www.pinedayasociadoshn.com/blog/extranjeria-migracion/visas-inversion-rentista-pensionado","extranjeria-migracion","Guía de Visas de Inversión, Rentista y Pensionado","","0","0","HUMAN_ASSIGNMENT_REQUIRED","No existe responsable humano confirmado para el área","HUMAN_ASSIGNMENT_REQUIRED","","OFFICIAL_SOURCES_REQUIRED","BASELINE_PRESENT","lawyer_review_pending",""
"nacionalidad-espanola-para-hondurenos-residencia-plazos","https://www.pinedayasociadoshn.com/blog/hondurenos-en-espana/nacionalidad-espanola-para-hondurenos-residencia-plazos","hondurenos-en-espana","Nacionalidad española para hondureños","","0","0","HUMAN_ASSIGNMENT_REQUIRED","No existe responsable humano confirmado para el área","HUMAN_ASSIGNMENT_REQUIRED","","OFFICIAL_SOURCES_REQUIRED","BASELINE_PRESENT","lawyer_review_pending",""
"despido-empleados-publicos-honduras","https://www.pinedayasociadoshn.com/blog/derecho-administrativo/despido-empleados-publicos-honduras","derecho-administrativo","Despido de empleados públicos en Honduras","","0","0","CONTENT_UPDATE","Sin fuente oficial detectada","Thania Marlene Paz","Emil Barahona","OFFICIAL_SOURCES_REQUIRED","BASELINE_PRESENT","lawyer_review_pending",""
"divorcio-choluteca","https://www.pinedayasociadoshn.com/blog/derecho-de-familia/divorcio-choluteca","derecho-de-familia","Divorcio en Choluteca","","0","0","CONTENT_UPDATE","Sin fuente oficial detectada","Thania Marlene Paz","Emil Barahona","OFFICIAL_SOURCES_REQUIRED","BASELINE_PRESENT","lawyer_review_pending",""
"medidas-sustitutivas-prision-preventiva-honduras","https://www.pinedayasociadoshn.com/blog/derecho-penal/medidas-sustitutivas-prision-preventiva-honduras","derecho-penal","7 Medidas sustitutivas a la prisión preventiva","","0","0","CONTENT_UPDATE","Sin fuente oficial detectada","Danilo Pineda Maradiaga","Emil Barahona","OFFICIAL_SOURCES_REQUIRED","BASELINE_PRESENT","lawyer_review_pending",""
"sanciones-administrativas-como-defenderse-honduras","https://www.pinedayasociadoshn.com/blog/derecho-administrativo/sanciones-administrativas-como-defenderse-honduras","derecho-administrativo","Sanciones Administrativas en Honduras","","0","0","CONTENT_UPDATE","Sin fuente oficial detectada","Thania Marlene Paz","Emil Barahona","OFFICIAL_SOURCES_REQUIRED","BASELINE_PRESENT","lawyer_review_pending",""
"que-hacer-si-me-detienen-en-honduras","https://www.pinedayasociadoshn.com/blog/derecho-penal/que-hacer-si-me-detienen-en-honduras","derecho-penal","¿Qué Hacer Si Me Detienen en Honduras? Guía","qué hacer si me detienen en honduras","6","0","READY_FOR_LAWYER_REVIEW","Lote prioritario por riesgo, intención, GSC o profundidad","Danilo Pineda Maradiaga","Emil Barahona","OFFICIAL_SOURCES_REQUIRED","BASELINE_PRESENT","lawyer_review_pending","penal","NO_RELIABLE_GSC_QUERY"
"poder-legal-honduras-cuando-se-necesita","https://www.pinedayasociadoshn.com/blog/derecho-notarial/poder-legal-honduras-cuando-se-necesita","derecho-notarial","Poder Notarial en Honduras: Tipos","poder notarial honduras","82","0","READY_FOR_LAWYER_REVIEW","Lote prioritario por riesgo, intención, GSC o profundidad","Thania Marlene Paz","Emil Barahona","OFFICIAL_SOURCES_REQUIRED","BASELINE_PRESENT","lawyer_review_pending","civil-notarial","GSC_QUERY_MATCHED"
"derechos-laborales-basicos-honduras","https://www.pinedayasociadoshn.com/blog/derecho-laboral/derechos-laborales-basicos-honduras","derecho-laboral","Derechos laborales básicos en Honduras","","0","0","CONTENT_UPDATE","Sin fuente oficial detectada","Emil Barahona","Thania Marlene Paz","OFFICIAL_SOURCES_REQUIRED","BASELINE_PRESENT","lawyer_review_pending",""
"tramites-notariales-frecuentes-honduras","https://www.pinedayasociadoshn.com/blog/derecho-notarial/tramites-notariales-frecuentes-honduras","derecho-notarial","Trámites notariales en Honduras","poder legal","1","0","CONTENT_UPDATE","Sin fuente oficial detectada","Thania Marlene Paz","Emil Barahona","OFFICIAL_SOURCES_REQUIRED","BASELINE_PRESENT","lawyer_review_pending",""
"servicios-legales-empresas-sur-honduras","https://www.pinedayasociadoshn.com/blog/derecho-civil/servicios-legales-empresas-sur-honduras","derecho-civil","Guía de Servicios Legales para Empresas en el Sur","","0","0","CONTENT_UPDATE","Sin fuente oficial detectada","Thania Marlene Paz","Emil Barahona","OFFICIAL_SOURCES_REQUIRED","BASELINE_PRESENT","lawyer_review_pending",""
