"dataset","query","url_count","urls","impressions_total"
"gsc_cannibalization","cuanto es la pensión alimenticia por hijo en honduras","3","https://www.pinedayasociadoshn.com/blog/derecho-de-familia/pension-alimenticia-porcentaje-honduras-2026 | https://www.pinedayasociadoshn.com/blog/derecho-de-familia/pension-alimenticia-honduras-como-solicitarla | https://www.pinedayasociadoshn.com/blog/derecho-de-familia/pension-alimenticia-honduras-guia-completa","181"
"gsc_cannibalization","cuanto es la manutencion de un hijo en honduras","2","https://www.pinedayasociadoshn.com/blog/derecho-de-familia/pension-alimenticia-porcentaje-honduras-2026 | https://www.pinedayasociadoshn.com/blog/derecho-de-familia/pension-alimenticia-honduras-guia-completa","83"
"gsc_cannibalization","porcentaje de pensión alimenticia por 2 hijos en honduras","6","https://www.pinedayasociadoshn.com/blog/derecho-de-familia/pension-alimenticia-porcentaje-honduras-2026 | https://www.pinedayasociadoshn.com/blog/derecho-de-familia/pension-alimenticia-honduras-guia-completa | https://www.pinedayasociadoshn.com/blog/derecho-de-familia/pension-alimenticia-honduras-como-solicitarla | https://www.pinedayasociadoshn.com/blog/derecho-de-familia/pension-alimenticia-honduras-guia-completa#porcentajes-y-calculo-de-la-pension-alimenticia | https://www.pinedayasociadoshn.com/blog/derecho-de-familia/pension-alimenticia-honduras-guia-completa#proceso-legal-para-interponer-una-demanda-de-alime | https://www.pinedayasociadoshn.com/blog/derecho-de-familia/pension-alimenticia-honduras-guia-completa#que-es-la-pension-alimenticia-y-quienes-tienen-der","161"
"gsc_cannibalization","demanda por daños y perjuicios honduras","4","https://www.pinedayasociadoshn.com/blog/derecho-civil/danos-perjuicios-indemnizacion-honduras | https://www.pinedayasociadoshn.com/blog/derecho-civil/danos-perjuicios-indemnizacion-honduras#como-se-cuantifica-la-indemnizacion-por-danos-y-pe | https://www.pinedayasociadoshn.com/blog/derecho-civil/danos-perjuicios-indemnizacion-honduras#proceso-para-reclamar-danos-y-perjuicios-en-hondur | https://www.pinedayasociadoshn.com/blog/derecho-civil/danos-perjuicios-indemnizacion-honduras#tipos-de-danos-indemnizables-en-honduras","80"
"gsc_cannibalization","en cuanto tiempo prescribe una deuda en honduras","6","https://www.pinedayasociadoshn.com/blog/derecho-civil/prescripcion-deudas-plazos-honduras | https://www.pinedayasociadoshn.com/blog/derecho-civil/prescripcion-deudas-plazos-honduras#caso-practico-prescripcion-de-una-deuda-bancaria-e | https://www.pinedayasociadoshn.com/blog/derecho-civil/prescripcion-deudas-plazos-honduras#como-se-interrumpe-la-prescripcion-de-una-deuda-en | https://www.pinedayasociadoshn.com/blog/derecho-civil/prescripcion-deudas-plazos-honduras#cuando-prescribe-una-deuda-en-honduras-plazos-lega | https://www.pinedayasociadoshn.com/blog/derecho-civil/prescripcion-deudas-plazos-honduras#marco-legal-de-la-prescripcion-de-deudas-en-hondur | https://www.pinedayasociadoshn.com/blog/derecho-civil/prescripcion-deudas-plazos-honduras#plazos-de-prescripcion-segun-el-tipo-de-obligacion","81"
"gsc_cannibalization","cuando prescribe una deuda en honduras","6","https://www.pinedayasociadoshn.com/blog/derecho-civil/prescripcion-deudas-plazos-honduras | https://www.pinedayasociadoshn.com/blog/derecho-civil/prescripcion-deudas-plazos-honduras#caso-practico-prescripcion-de-una-deuda-bancaria-e | https://www.pinedayasociadoshn.com/blog/derecho-civil/prescripcion-deudas-plazos-honduras#como-se-interrumpe-la-prescripcion-de-una-deuda-en | https://www.pinedayasociadoshn.com/blog/derecho-civil/prescripcion-deudas-plazos-honduras#cuando-prescribe-una-deuda-en-honduras-plazos-lega | https://www.pinedayasociadoshn.com/blog/derecho-civil/prescripcion-deudas-plazos-honduras#marco-legal-de-la-prescripcion-de-deudas-en-hondur | https://www.pinedayasociadoshn.com/blog/derecho-civil/prescripcion-deudas-plazos-honduras#plazos-de-prescripcion-segun-el-tipo-de-obligacion","111"
"gsc_cannibalization","nacionalidad hondureña","2","https://www.pinedayasociadoshn.com/blog/extranjeria-migracion/naturalizacion-obtener-nacionalidad-hondurena | https://www.pinedayasociadoshn.com/blog/extranjeria-migracion/naturalizacion-nacionalidad-hondurena","51"
"gsc_cannibalization","honduras nacionalidad","2","https://www.pinedayasociadoshn.com/blog/extranjeria-migracion/naturalizacion-nacionalidad-hondurena | https://www.pinedayasociadoshn.com/blog/extranjeria-migracion/naturalizacion-obtener-nacionalidad-hondurena","34"
"gsc_cannibalization","nacionalidad de honduras","2","https://www.pinedayasociadoshn.com/blog/extranjeria-migracion/naturalizacion-nacionalidad-hondurena | https://www.pinedayasociadoshn.com/blog/extranjeria-migracion/naturalizacion-obtener-nacionalidad-hondurena","85"
